gvkey,datadate,conm,ipodate,rdq,datacqtr,datafqtr,cusip,cik,tic,sic,addzip,exchg,fic,atq,ltq,saleq,revtq,cogsq,oibdpq,ibq,txditcq,txdbq,itccy,actq,lctq,dlcq,dlttq,mibq,mibtq,cheq,seqq,ceqq,niq,dpq,wcapchy,capxy,ppentq,loq,xrdq,pstkrq,pstkq,cshoq,prccq
001690,1979-12-31,APPLE INC,1980-12-12,,1979.75,1980,037833100,0000320193,AAPL,3663,95014,14,USA,24.636,12.262,19.54,19.54,10.545,,2.647,0.376,,,23.052,11.689,,0.197,,,4.968,12.374,12.374,2.647,,,,1.188,0,,0,0,43.575,
001690,1980-03-31,APPLE INC,1980-12-12,,1980,1980.25,037833100,0000320193,AAPL,3663,95014,14,USA,30.353,14.632,23.55,23.55,13.268,,2.788,0.2,,,28.367,14.244,,0.188,,,5.361,15.721,15.721,2.788,,,,1.55,0,,0,0,45.838,
001690,1980-06-30,APPLE INC,1980-12-12,,1980.25,1980.5,037833100,0000320193,AAPL,3663,95014,14,USA,41.707,21.926,32.569,32.569,19.083,,2.735,0.523,,,37.93,20.976,,0.427,,,0.415,19.781,19.781,2.735,,,,2.472,0,,0,0,46.158,
001690,1980-09-30,APPLE INC,1980-12-12,,1980.5,1980.75,037833100,0000320193,AAPL,3663,95014,14,USA,65.35,39.401,41.467,41.467,24.433,,3.528,0.951,,,54.106,37.78,0.254,0.67,,,2.474,25.949,25.949,3.528,,,,4.779,0,,0,0,48.397,
001690,1980-12-31,APPLE INC,1980-12-12,,1980.75,1981,037833100,0000320193,AAPL,3663,95014,14,USA,162.122,31.117,67.621,67.621,36.868,16.063,7.421,1.451,,,145.72,28.866,,0.8,0,0,74.688,131.005,131.005,7.421,1.149,,,9.228,0,,0,0,54.622,34.125
001690,1981-03-31,APPLE INC,1980-12-12,,1981,1981.25,037833100,0000320193,AAPL,3663,95014,14,USA,190.739,43.693,78.765,78.765,43.057,16.39,9.175,3.086,,,173.152,39.428,,1.179,0,0,75.886,147.046,147.046,9.175,1.543,,,10.288,0,,0,0,55.237,24.5
001690,1981-06-30,APPLE INC,1980-12-12,1981-07-22,1981.25,1981.5,037833100,0000320193,AAPL,3663,95014,14,USA,222.347,58.268,90.719,90.719,45.223,22.082,11.858,6.964,,,201.262,49.914,1.113,1.39,0,0,77.638,164.079,164.079,11.858,1.864,,,15.793,0,,0,0,55.136,26
001690,1981-09-30,APPLE INC,1980-12-12,1981-10-20,1981.5,1981.75,037833100,0000320193,AAPL,3663,95014,14,USA,254.838,77.451,97.678,97.678,46.623,20.198,10.966,5.262,,,227.104,70.28,0.931,1.909,0,0,72.834,177.387,177.387,10.966,4.034,,,22.371,0,,0,0,55.309,15.25
001690,1981-12-31,APPLE INC,1980-12-12,1982-01-22,1981.75,1982,037833100,0000320193,AAPL,3663,95014,14,USA,285.186,92.894,133.553,133.553,64.089,26.285,13.562,7.254,,,249.16,83.952,,1.688,0,0,76.157,192.292,192.292,13.562,3.06,,,27.866,0,,0,0,55.421,22.125
001690,1982-03-31,APPLE INC,1980-12-12,1982-04-15,1982,1982.25,037833100,0000320193,AAPL,3663,95014,14,USA,302.389,85.1,131.019,131.019,61.809,27.307,13.817,11.12,,,263.14,72.3,,1.68,0,0,101.313,217.289,217.289,13.817,3.894,,,31.615,0,,0,0,56.488,16.875
001690,1982-06-30,APPLE INC,1980-12-12,1982-07-16,1982.25,1982.5,037833100,0000320193,AAPL,3663,95014,14,USA,323.961,89.427,142.681,142.681,64.941,29.991,15.193,10.919,,,283.437,76.377,,2.131,0,0,122.521,234.534,234.534,15.193,4.956,,,33.444,0,,0,0,56.743,12.75
001690,1982-09-30,APPLE INC,1980-12-12,1982-10-20,1982.5,1982.75,037833100,0000320193,AAPL,3663,95014,14,USA,357.787,100.695,175.808,175.808,80.606,35.182,18.734,12.887,,,317.075,85.756,1.169,2.052,0,0,153.056,257.092,257.092,18.734,4.646,,,34.483,0,,0,0,57.123,18.25
001690,1982-12-31,APPLE INC,1980-12-12,1983-01-19,1982.75,1983,037833100,0000320193,AAPL,3663,95014,14,USA,408.157,118.414,214.293,214.293,93.316,46.15,23.519,21.735,,,361.065,94.876,,1.803,0,0,191.865,289.743,289.743,23.519,5.092,,,35.749,0,,0,0,57.648,29.875
001690,1983-03-31,APPLE INC,1980-12-12,1983-04-22,1983,1983.25,037833100,0000320193,AAPL,3663,95014,14,USA,459.457,133.713,227.982,227.982,105.696,47.802,23.883,29.042,,,407.248,103.054,,1.617,0,0,209.538,325.744,325.744,23.883,5.37,,,40.523,0,,0,0,58.295,42.25
001690,1983-06-30,APPLE INC,1980-12-12,1983-07-21,1983.25,1983.5,037833100,0000320193,AAPL,3663,95014,14,USA,525.192,164.446,267.284,267.284,132.602,49.89,24.204,35.785,,,467.211,127.201,,1.46,0,0,188.631,360.746,360.746,24.204,6.372,,,51.861,0,,0,0,60.441,48.875
001690,1983-09-30,APPLE INC,1980-12-12,1983-10-25,1983.5,1983.75,037833100,0000320193,AAPL,3663,95014,14,USA,556.579,178.678,273.21,273.21,151.711,8.237,5.108,48.584,,,468.993,128.786,,1.308,0,0,143.284,377.901,377.901,5.108,5.606,,,67.05,0,,0,0,59.198,23.125
001690,1983-12-31,APPLE INC,1980-12-12,1984-01-24,1983.75,1984,037833100,0000320193,AAPL,3663,95014,14,USA,607.481,221.329,316.228,316.228,176.503,11.785,5.822,57.608,,,510.515,162.563,,1.158,0,0,187.485,386.152,386.152,5.822,6.325,7.746,13.82,75.223,0,,0,0,59.41,24.375
001690,1984-03-31,APPLE INC,1980-12-12,1984-04-17,1984,1984.25,037833100,0000320193,AAPL,3663,95014,14,USA,626.297,224.827,300.102,300.102,168.191,22.949,9.132,59.138,,,528.553,164.676,,1.014,0,0,203.444,401.47,401.47,9.132,10.137,23.67,20.895,74.199,0,,0,0,59.847,24.75
001690,1984-06-30,APPLE INC,1980-12-12,1984-07-16,1984.25,1984.5,037833100,0000320193,AAPL,3663,95014,14,USA,707.952,283.61,422.143,422.143,242.052,31.842,18.295,63.977,,,611.341,218.759,,0.874,0,0,194.286,424.342,424.342,18.295,5.041,52.376,26.764,72.311,0,,0,0,60.117,26.5
001690,1984-09-30,APPLE INC,1980-12-12,1984-10-18,1984.5,1984.75,037833100,0000320193,AAPL,3663,95014,14,USA,788.785,324.221,477.399,477.399,253.877,62.831,30.806,69.037,,,687.55,255.184,,0,0,0,114.888,464.564,464.564,30.806,16.46,92.16,39.614,75.868,0,,0,0,60.535,25.125
001690,1984-12-31,APPLE INC,1980-12-12,1985-01-18,1984.75,1985,037833100,0000320193,AAPL,3663,95014,14,USA,966.55,452.512,698.296,698.296,408.252,94.648,46.099,77.359,,,853.101,375.152,,0,0,0,195.389,514.038,514.038,46.099,7.55,45.582,15.056,86.973,0,,0,0,60.724,29.125
001690,1985-03-31,APPLE INC,1980-12-12,1985-04-17,1985,1985.25,037833100,0000320193,AAPL,3663,95014,14,USA,875.959,336.436,435.344,435.344,259.752,15.862,9.977,78.153,,,747.524,258.282,,0,0,0,194.167,539.523,539.523,9.977,0.176,56.876,33.604,100.514,0,,0,0,61.517,22.125
001690,1985-06-30,APPLE INC,1980-12-12,1985-07-18,1985.25,1985.5,037833100,0000320193,AAPL,3663,95014,14,USA,872.982,349.308,374.929,374.929,200.304,22.42,-17.21,75.288,,,744.372,274.019,,0,0,0,254.608,523.674,523.674,-17.21,20.159,37.986,42.719,100.729,0,,0,0,61.62,18
001690,1985-09-30,APPLE INC,1980-12-12,1985-10-18,1985.5,1985.75,037833100,0000320193,AAPL,3663,95014,14,USA,936.176,385.69,409.709,409.709,207.714,48.644,22.357,90.265,,,822.064,295.424,0,0,0,0,337.012,550.486,550.486,22.357,13.956,94.273,54.064,90.446,0,,0,0,61.85,15.75
001690,1985-12-31,APPLE INC,1980-12-12,1986-01-15,1985.75,1986,037833100,0000320193,AAPL,3663,95014,14,USA,1022.022,408.183,533.89,533.89,249.819,123.897,56.925,113.338,,,915.136,294.845,0,0,0,0,441.53,613.839,613.839,56.925,13.14,93.651,6.51,87.616,0,,0,0,62.289,22
001690,1986-03-31,APPLE INC,1980-12-12,1986-04-17,1986,1986.25,037833100,0000320193,AAPL,3663,95014,14,USA,1056.298,391.124,408.943,408.943,165.303,68.294,31.812,126.74,,,950.714,264.383,0,0,0,0,518.762,665.174,665.173,31.812,12.28,159.691,18.503,88.44,0,,0,0,63.411,28.25
001690,1986-06-30,APPLE INC,1980-12-12,1986-07-17,1986.25,1986.5,037833100,0000320193,AAPL,3663,95014,14,USA,1115.432,405.221,448.279,448.279,199.477,68.011,32.333,132.834,,,1000.313,272.387,0,0,0,0,568.027,710.211,710.211,32.333,12.77,201.286,48.071,102.504,0,,0,0,63.923,35.875
001690,1986-09-30,APPLE INC,1980-12-12,1986-10-15,1986.5,1986.75,037833100,0000320193,AAPL,3663,95014,14,USA,1160.127,466.041,510.786,510.786,225.438,64.404,32.893,137.506,,,1040.933,328.534,0,0,0,0,576.214,694.086,694.087,32.893,12.885,185.759,66.629,107.315,0,,0,0,62.628,33.5
001690,1986-12-31,APPLE INC,1980-12-12,1987-01-20,1986.75,1987,037833100,0000320193,AAPL,3663,95014,14,USA,1274.906,516.649,662.253,662.253,302.014,118.464,58.473,156.983,,,1153.254,359.666,0,0,0,0,631.235,758.257,758.257,58.473,17.269,81.189,15.74,107.949,0,,0,0,62.751,40.5
001690,1987-03-31,APPLE INC,1980-12-12,1987-04-15,1987,1987.25,037833100,0000320193,AAPL,3663,95014,14,USA,1375.465,540.527,575.327,575.327,271.585,71.908,33.866,177.185,,,1242.66,363.342,0,0,0,0,702.435,834.938,834.938,33.866,15.898,,38.699,115.786,0,,0,0,64.018,64.5
001690,1987-06-30,APPLE INC,1980-12-12,1987-07-14,1987.25,1987.5,037833100,0000320193,AAPL,3663,95014,14,USA,1388.648,608.62,637.064,637.064,293.399,108.242,53.479,203.838,,,1244.166,404.782,0,0,0,0,623.984,780.028,780.028,53.479,16.454,,61.006,124.933,0,,0,0,125.683,40.5
001690,1987-09-30,APPLE INC,1980-12-12,1987-10-14,1987.5,1987.75,037833100,0000320193,AAPL,3663,95014,14,USA,1477.931,641.443,786.424,786.424,358.706,143.34,71.678,162.765,,,1307.425,478.678,0,0,0,0,565.094,836.488,836.488,71.678,20.895,,86.127,130.434,0,,0,0,126.088,56.5
001690,1987-12-31,APPLE INC,1980-12-12,1988-01-20,1987.75,1988,037833100,0000320193,AAPL,3663,95014,14,USA,1622.9,753.884,1042.442,1042.442,479.66,208.972,121.368,188.929,,,1430.884,564.955,0,0,0,0,655.329,869.016,869.016,121.368,19.536,,34.14,149.235,0,,0,0,124.178,42
001690,1988-03-31,APPLE INC,1980-12-12,1988-04-18,1988,1988.25,037833100,0000320193,AAPL,3663,95014,14,USA,1627.976,722.673,867.161,867.161,397.988,137.151,79.66,216.367,,,1405.341,506.306,0,0,0,0,611.142,905.303,905.303,79.66,17.946,,68.059,167.531,0,,0,0,123.882,40
001690,1988-06-30,APPLE INC,1980-12-12,1988-07-19,1988.25,1988.5,037833100,0000320193,AAPL,3663,95014,14,USA,1695.018,780.452,993.051,993.051,463.829,155.299,91.311,237.53,,,1427.99,542.922,0,0,0,0,523.788,914.566,914.566,91.311,17.855,,101.198,183.496,0,,0,0,122.591,46.25
001690,1988-09-30,APPLE INC,1980-12-12,,1988.5,1988.75,037833100,0000320193,AAPL,3663,95014,14,USA,2082.086,1078.661,1168.719,1168.719,571.725,196.593,107.919,251.568,,,1782.994,827.093,127.871,0,0,0,545.717,1003.425,1003.425,107.919,22.34,,144.001,207.357,0,,0,0,122.768,43.25
001690,1988-12-31,APPLE INC,1980-12-12,1989-01-17,1988.75,1989,037833100,0000320193,AAPL,3663,95014,14,USA,2276.147,1132.851,1405.137,1405.137,689.454,253.181,140.452,275.341,,,1924.983,857.51,149.586,0,0,0,609.331,1143.296,1143.296,140.452,26.082,,73.967,260.369,0,99.186,0,0,123.189,40.25
001690,1989-03-31,APPLE INC,1980-12-12,1989-04-18,1989,1989.25,037833100,0000320193,AAPL,3663,95014,14,USA,2321.02,1115.682,1246.917,1246.917,645.074,110.979,56.372,318.049,,,1920.623,797.633,145.396,0,0,0,539.869,1205.338,1205.338,56.372,25.324,,124.124,285.443,0,104.264,0,0,124.223,35.625
001690,1989-06-30,APPLE INC,1980-12-12,1989-07-18,1989.25,1989.5,037833100,0000320193,AAPL,3663,95014,14,USA,2400.471,1080.982,1248.212,1248.212,598.119,183.253,96.129,334.182,,,1961.07,746.8,66.608,0,0,0,706.717,1319.489,1319.489,96.129,33.342,,179.287,310.942,0,103.487,0,0,125.572,41.25
001690,1989-09-30,APPLE INC,1980-12-12,1989-10-20,1989.5,1989.75,037833100,0000320193,AAPL,3663,95014,14,USA,2743.899,1258.153,1383.747,1383.747,637.376,211.7,161.08,362.91,,,2294.428,895.243,56.751,0,0,0,808.95,1485.746,1485.746,161.08,40.052,,238.993,334.227,0,113.146,0,0,126.27,44.5
001690,1989-12-31,APPLE INC,1980-12-12,1990-01-18,1989.75,1990,037833100,0000320193,AAPL,3663,95014,14,USA,2813.334,1289.511,1493.383,1493.383,668.457,271.51,124.84,396.841,,,2325.549,892.67,67.899,0,0,0,907.863,1523.823,1523.823,124.84,47.753,,62.868,361.936,0,106.311,0,0,125.202,35.25
001690,1990-03-31,APPLE INC,1980-12-12,1990-04-18,1990,1990.25,037833100,0000320193,AAPL,3663,95014,14,USA,2775.67,1224.776,1346.202,1346.202,565.299,243.463,131.815,450.479,,,2269.736,774.297,19.973,0,0,0,995.839,1550.894,1550.894,131.815,44.291,,105.691,368.274,0,115.235,0,0,123.27,40.25
001690,1990-06-30,APPLE INC,1980-12-12,1990-07-18,1990.25,1990.5,037833100,0000320193,AAPL,3663,95014,14,USA,2889.536,1382.689,1364.76,1364.76,578.33,232.099,119.764,495.801,,,2338.974,886.888,24.897,0,0,0,1043.777,1506.847,1506.847,119.764,49.858,,156.454,378.704,0,124.171,0,0,119.668,44.75
001690,1990-09-30,APPLE INC,1980-12-12,1990-10-18,1990.5,1990.75,037833100,0000320193,AAPL,3663,95014,14,USA,2975.707,1528.887,1354.09,1354.09,591.451,201.299,98.476,501.832,,,2403.326,1027.055,122.63,0,0,0,997.091,1446.82,1446.82,98.476,60.784,,224.305,398.165,0,132.302,0,0,115.359,29
001690,1990-12-31,APPLE INC,1980-12-12,1991-01-17,1990.75,1991,037833100,0000320193,AAPL,3663,95014,14,USA,3157.258,1612.185,1675.506,1675.506,767.731,275.523,150.509,539.912,,,2544.009,1072.273,23,0,0,0,983.714,1545.073,1545.073,150.509,47.131,,74.166,436.252,0,140.065,0,0,114.314,43
001690,1991-03-31,APPLE INC,1980-12-12,1991-04-15,1991,1991.25,037833100,0000320193,AAPL,3663,95014,14,USA,3422.176,1607.798,1597.678,1597.678,772.709,232.443,131.149,611.631,,,2812.86,996.167,5.998,0,0,0,1041.294,1814.378,1814.378,131.149,45.898,,113.197,435.9,0,146.45,0,0,118.956,68
001690,1991-06-30,APPLE INC,1980-12-12,1991-07-17,1991.25,1991.5,037833100,0000320193,AAPL,3663,95014,14,USA,3455.461,1789.114,1528.604,1528.604,774.92,188.636,-53.055,502.303,,,2828.334,1286.811,156.327,0,0,0,889.744,1666.347,1666.347,-53.055,53.434,,166.724,445.136,0,151.628,0,0,117.49,41.5
001690,1991-09-30,APPLE INC,1980-12-12,1991-10-21,1991.5,1991.75,037833100,0000320193,AAPL,3663,95014,14,USA,3493.597,1726.921,1507.061,1507.061,794.325,179.223,81.238,509.87,,,2863.61,1217.051,148.566,0,0,0,892.719,1766.676,1766.676,81.238,57.97,,218.348,447.978,0,144.903,0,0,118.386,49.5
001690,1991-12-31,APPLE INC,1980-12-12,1992-01-17,1991.75,1992,037833100,0000320193,AAPL,3663,95014,14,USA,3745.464,1822.696,1862.612,1862.612,999.57,312.415,166.018,551.942,,,3071.55,1270.754,45.736,0,0,0,988.498,1922.768,1922.768,166.018,49.761,,51.649,456.13,0,131.065,0,0,118.49,56.375
001690,1992-03-31,APPLE INC,1980-12-12,1992-04-16,1992,1992.25,037833100,0000320193,AAPL,3663,95014,14,USA,3940.874,1853.924,1716.025,1716.025,910.228,260.673,135.078,602.995,,,3256.943,1250.929,136.262,0,0,0,1335.855,2086.95,2086.95,135.078,50.268,,93.563,457.908,0,135.915,0,0,120.164,58.25
001690,1992-06-30,APPLE INC,1980-12-12,1992-07-20,1992.25,1992.5,037833100,0000320193,AAPL,3663,95014,14,USA,4121.152,1999.757,1740.171,1740.171,911.717,258.188,131.665,642.054,,,3423.152,1357.707,180.204,0,0,0,1475.563,2121.395,2121.395,131.665,57.127,,151.039,467.901,0,156.609,0,0,118.586,48
001690,1992-09-30,APPLE INC,1980-12-12,1992-10-16,1992.5,1992.75,037833100,0000320193,AAPL,3663,95014,14,USA,4223.691,2036.321,1767.734,1767.734,952.64,191.714,97.612,610.803,,,3558.394,1425.52,184.461,0,0,0,1435.5,2187.37,2187.37,97.612,60.026,,194.853,462.221,0,178.546,0,0,118.479,45.125
001690,1992-12-31,APPLE INC,1980-12-12,1993-01-15,1992.75,1993,037833100,0000320193,AAPL,3663,95014,14,USA,4494.605,2211.807,2000.292,2000.292,1149.966,280.186,161.341,673.992,,,3703.323,1537.819,190.587,0,0,0,1445.866,2282.798,2282.798,161.341,39.401,,44.289,639.333,0,160.282,0,0,117.841,59.75
001690,1993-03-31,APPLE INC,1980-12-12,1993-04-19,1993,1993.25,037833100,0000320193,AAPL,3663,95014,14,USA,4470.086,2183.876,1973.894,1973.894,1170.289,211.908,110.9,714.375,,,3654.637,1469.503,59.921,0,0,0,1079.377,2286.21,2286.21,110.9,42.842,,92.782,650.313,0,166.007,0,0,116.595,51.5
001690,1993-06-30,APPLE INC,1980-12-12,1993-07-16,1993.25,1993.5,037833100,0000320193,AAPL,3663,95014,14,USA,4767.98,2747.511,1861.979,1861.979,1214.582,55.583,-188.316,650.268,,,3920.371,2097.246,308.179,0,0,0,856.811,2020.469,2020.469,-188.316,41.393,,165.407,659.52,0,174.169,0,0,115.614,39.5
001690,1993-09-30,APPLE INC,1980-12-12,1993-10-15,1993.5,1993.75,037833100,0000320193,AAPL,3663,95014,14,USA,5171.41,3145.032,2140.789,2140.789,1547.884,49.63,2.664,629.832,,,4338.352,2515.202,823.182,0,0,0,892.303,2026.378,2026.378,2.664,42.477,,213.118,659.546,0,164.106,0,0,116.147,23.375
001690,1993-12-31,APPLE INC,1980-12-12,1994-01-21,1993.75,1994,037833100,0000320193,AAPL,3663,95014,14,USA,5042.438,2989.179,2468.854,2468.854,1834.224,107.313,40.018,661.02,,,4208.004,2328.161,752.257,0,0,0,1122.775,2053.259,2053.259,40.018,42.606,,23.564,642.336,0,152.612,0,0,116.495,29.25
001690,1994-03-31,APPLE INC,1980-12-12,1994-04-25,1994,1994.25,037833100,0000320193,AAPL,3663,95014,14,USA,5285.883,3176.794,2076.7,2076.7,1539.582,72.789,17.404,699.792,,,4421.793,2172.07,490.663,304.935,0,0,1105.989,2109.089,2109.089,17.404,38.054,,99.386,676.718,0,134.142,0,0,118.14,33.25
001690,1994-06-30,APPLE INC,1980-12-12,1994-07-22,1994.25,1994.5,037833100,0000320193,AAPL,3663,95014,14,USA,5123.41,2878.295,2149.908,2149.908,1534.358,147.244,138.101,655.995,,,4259.988,1917.487,515.608,304.815,0,0,1228.294,2245.115,2245.115,138.101,41.678,,123.375,664.982,0,135.439,0,0,118.333,26.5
001690,1994-09-30,APPLE INC,1980-12-12,1994-10-17,1994.5,1994.75,037833100,0000320193,AAPL,3663,95014,14,USA,5302.742,2919.441,2493.286,2493.286,1768.793,236.031,114.655,670.668,,,4476.449,1944.305,292.2,304.472,0,0,1257.856,2383.301,2383.301,114.655,45.62,,159.587,667.1,0,142.11,0,0,119.543,33.687
001690,1994-12-31,APPLE INC,1980-12-12,1995-01-19,1994.75,1995,037833100,0000320193,AAPL,3663,95014,14,USA,5533,2971,2832,2832,1980,305,188,732,,,4718,1935,209,304,0,0,1587,2562,2562,188,38,,22,661,0,132,0,0,119.89,39
001690,1995-03-31,APPLE INC,1980-12-12,1995-04-24,1995,1995.25,037833100,0000320193,AAPL,3663,95014,14,USA,6050,3336,2652,2652,1928,195,73,789,,,5161,2243,627,304,0,0,1986,2714,2714,73,29,,52,663,0,143,0,0,121.093,35.25
001690,1995-06-30,APPLE INC,1980-12-12,1995-07-21,1995.25,1995.5,037833100,0000320193,AAPL,3663,95014,14,USA,6112,3284,2575,2575,1810,193,103,803,,,5191,2178,406,303,0,0,1676,2828,2828,103,37,,110,691,0,168,0,0,121.905,46.437
001690,1995-09-30,APPLE INC,1980-12-12,1995-10-19,1995.5,1995.75,037833100,0000320193,AAPL,3663,95014,14,USA,6231,3330,3003,3003,2359,95,60,702,,,5224,2325,461,303,0,0,952,2901,2901,60,23,,159,711,0,171,0,0,122.922,37.25
001690,1995-12-31,APPLE INC,1980-12-12,1996-01-17,1995.75,1996,037833100,0000320193,AAPL,3663,95014,14,USA,6553,3759,3148,3148,2631,-77,-69,750,,,5551,2705,498,304,0,0,1100,2794,2794,-69,42,,31,712,0,153,0,0,123.118,31.875
001690,1996-03-31,APPLE INC,1980-12-12,1996-04-17,1996,1996.25,037833100,0000320193,AAPL,3663,95014,14,USA,5234,3178,2185,2185,2560,-929,-740,602,,,4277,2273,352,303,0,0,592,2056,2056,-740,46,,40,692,0,150,0,0,123.685,24.562
001690,1996-06-30,APPLE INC,1980-12-12,1996-07-17,1996.25,1996.5,037833100,0000320193,AAPL,3663,95014,14,USA,5345,3325,2179,2179,1754,-94,-32,450,,,4454,1926,187,949,0,0,1359,2020,2020,-32,22,,55,615,0,155,0,0,123.785,21
001690,1996-09-30,APPLE INC,1980-12-12,1996-10-17,1996.5,1996.75,037833100,0000320193,AAPL,3663,95014,14,USA,5364,3306,2321,2321,1764,52,25,354,,,4515,2003,186,949,0,0,1745,2058,2058,25,46,,67,598,0,146,0,0,124.497,22.187
001690,1996-12-31,APPLE INC,1980-12-12,1997-01-15,1996.75,1997,037833100,0000320193,AAPL,3663,95014,14,USA,5272,3330,2129,2129,1707,-99,-120,336,,,4419,2044,180,950,0,0,1807,1942,1942,-120,25,,20,593,0,149,0,0,124.585,20.875
001690,1997-03-31,APPLE INC,1980-12-12,1997-04-16,1997,1997.25,037833100,0000320193,AAPL,3663,95014,14,USA,4487,3245,1601,1601,1268,-156,-708,282,,,3642,2011,133,952,0,0,1459,1242,1242,-708,30,,36,556,0,141,0,0,126.425,18.25
001690,1997-06-30,APPLE INC,1980-12-12,1997-07-16,1997.25,1997.5,037833100,0000320193,AAPL,3663,95014,14,USA,4341,3145,1737,1737,1367,-38,-56,284,,,3493,1910,127,951,0,0,1230,1196,1196,-56,22,,42,540,0,101,0,0,126.559,14.25
001690,1997-09-30,APPLE INC,1980-12-12,1997-10-15,1997.5,1997.75,037833100,0000320193,AAPL,3663,95014,14,USA,4233,3033,1614,1614,1253,8,-161,264,,,3424,1818,25,951,0,0,1459,1200,1050,-161,41,,53,486,0,94,0,150,127.949,21.687
001690,1997-12-31,APPLE INC,1980-12-12,1998-01-15,1997.75,1998,037833100,0000320193,AAPL,3663,95014,14,USA,4126,2882,1578,1578,1197,68,47,261,,,3373,1669,24,952,0,0,1627,1244,1094,47,28,,7,429,0,79,0,150,128.019,13.125
001690,1998-03-31,APPLE INC,1980-12-12,1998-04-15,1998,1998.25,037833100,0000320193,AAPL,3663,95014,14,USA,3963,2575,1405,1405,1028,79,55,238,,,3213,1384,23,953,0,0,1823,1388,1238,55,28,,12,415,0,75,0,150,132.991,27.5
001690,1998-06-30,APPLE INC,1980-12-12,1998-07-15,1998.25,1998.5,037833100,0000320193,AAPL,3663,95014,14,USA,4041,2555,1402,1402,1010,100,101,213,,,3375,1389,0,953,0,0,1993,1486,1336,101,32,,29,365,0,83,0,150,133.131,28.6875
001690,1998-09-30,APPLE INC,1980-12-12,1998-10-14,1998.5,1998.75,037833100,0000320193,AAPL,3663,95014,14,USA,4289,2647,1556,1556,1116,132,106,173,,,3698,1520,0,954,0,0,2300,1642,1492,106,23,,46,348,0,73,0,150,135.193,38.125
001690,1998-12-31,APPLE INC,1980-12-12,1999-01-13,1998.75,1999,037833100,0000320193,AAPL,3663,95014,14,USA,4592,2669,1710,1710,1205,150,152,231,,,3867,1484,0,954,0,0,2578,1923,1773,152,23,,5,344,0,76,0,150,135.349,40.9375
001690,1999-03-31,APPLE INC,1980-12-12,1999-04-14,1999,1999.25,037833100,0000320193,AAPL,3663,95014,14,USA,4935,2760,1530,1530,1103,112,135,261,,,4092,1544,0,955,0,0,2922,2175,2025,135,24,,24,330,0,76,0,150,136.657,35.9375
001690,1999-06-30,APPLE INC,1980-12-12,1999-07-14,1999.25,1999.5,037833100,0000320193,AAPL,3663,95014,14,USA,5019,2049,1558,1558,1112,123,203,210,,,4298,1539,0,300,0,0,3106,2970,2820,203,19,,31,313,0,80,0,150,160.127,46.3125
001690,1999-09-30,APPLE INC,1980-12-12,1999-10-13,1999.5,1999.75,037833100,0000320193,AAPL,3663,95014,14,USA,5161,2057,1336,1336,933,86,111,208,,,4285,1549,0,300,0,0,3226,3104,2954,111,19,,47,318,0,82,0,150,160.799,63.3125
001690,1999-12-31,APPLE INC,1980-12-12,2000-01-19,1999.75,2000,037833100,0000320193,AAPL,3663,95014,14,USA,7586,3172,2343,2343,1716,218,183,907,,,4909,1965,0,300,0,0,3660,4414,4264,183,20,,38,318,0,90,0,150,161.224,102.8125
001690,2000-03-31,APPLE INC,1980-12-12,2000-04-19,2000,2000.25,037833100,0000320193,AAPL,3663,95014,14,USA,7007,2792,1945,1945,1375,191,233,639,,,4912,1853,0,300,0,0,3609,4215,4065,233,21,,65,314,0,92,0,150,162.68,135.8125
001690,2000-06-30,APPLE INC,1980-12-12,2000-07-18,2000.25,2000.5,037833100,0000320193,AAPL,3663,95014,14,USA,6932,2756,1825,1825,1257,193,200,583,,,5157,1873,0,300,0,0,3826,4176,4026,200,25,,76,314,0,97,0,150,324.826,52.375
001690,2000-09-30,APPLE INC,1980-12-12,2000-10-18,2000.5,2000.75,037833100,0000320193,AAPL,3663,95014,14,USA,6803,2696,1870,1870,1385,102,170,463,,,5427,1933,0,300,0,0,4027,4107,4031,170,18,,107,313,0,101,0,76,335.677,25.75
001690,2000-12-31,APPLE INC,1980-12-12,2001-01-17,2000.75,2001,037833100,0000320193,AAPL,3663,95014,14,USA,5986,2274,1007,1007,1004,-396,-207,326,,,4926,1637,0,311,0,0,4065,3712,3709,-195,24,,22,325,0,102,0,3,345.307,14.875
001690,2001-03-31,APPLE INC,1980-12-12,2001-04-18,2001,2001.25,037833100,0000320193,AAPL,3663,95014,14,USA,6130,2392,1431,1431,1024,14,43,280,,,5345,1795,0,317,0,0,4144,3738,3738,43,22,,39,331,0,101,0,0,346.541,22.07
001690,2001-06-30,APPLE INC,1980-12-12,2001-07-17,2001.25,2001.5,037833100,0000320193,AAPL,3663,95014,14,USA,6071,2213,1475,1475,1015,68,61,282,,,5248,1614,0,317,0,0,4218,3858,3858,61,26,,69,347,0,122,0,0,350.474,23.25
001690,2001-09-30,APPLE INC,1980-12-12,2001-10-17,2001.5,2001.75,037833100,0000320193,AAPL,3663,95014,14,USA,6021,2101,1450,1450,983,83,66,266,,,5143,1518,0,317,0,0,4336,3920,3920,66,30,,232,564,0,116,0,0,350.922,15.51
001690,2001-12-31,APPLE INC,1980-12-12,2002-01-16,2001.75,2002,037833100,0000320193,AAPL,3663,95014,14,USA,6122,2156,1375,1375,925,48,38,262,,,5272,1579,0,315,0,0,4367,3966,3966,38,28,,36,573,0,113,0,0,352.459,21.9
001690,2002-03-31,APPLE INC,1980-12-12,2002-04-17,2002,2002.25,037833100,0000320193,AAPL,3663,95014,14,USA,6264,2250,1495,1495,1057,57,40,230,,,5414,1709,0,311,0,0,4309,4014,4014,40,29,,79,587,0,111,0,0,354.085,23.67
001690,2002-06-30,APPLE INC,1980-12-12,2002-07-16,2002.25,2002.5,037833100,0000320193,AAPL,3663,95014,14,USA,6293,2227,1429,1429,1010,41,32,193,,,5443,1718,0,316,0,0,4306,4066,4066,32,28,,110,589,0,106,0,0,358.855,17.72
001690,2002-09-30,APPLE INC,1980-12-12,2002-10-16,2002.5,2002.75,037833100,0000320193,AAPL,3663,95014,14,USA,6298,2203,1443,1443,1029,18,-45,229,,,5388,1658,0,316,0,0,4337,4095,4095,-45,33,,174,621,0,117,0,0,358.959,14.5
001690,2002-12-31,APPLE INC,1980-12-12,2003-01-15,2002.75,2003,037833100,0000320193,AAPL,3663,95014,14,USA,6269,2153,1472,1472,1035,17,-6,238,,,5384,1595,0,320,0,0,4462,4116,4116,-8,31,,20,605,0,121,0,0,360.257,14.33
001690,2003-03-31,APPLE INC,1980-12-12,2003-04-16,2003,2003.25,037833100,0000320193,AAPL,3663,95014,14,USA,6361,2222,1475,1475,1028,28,14,,,,5468,2007,310,0,0,0,4526,4139,4139,14,29,,60,619,215,119,0,0,365.545,14.14
001690,2003-06-30,APPLE INC,1980-12-12,2003-07-16,2003.25,2003.5,037833100,0000320193,AAPL,3663,95014,14,USA,6441,2243,1545,1545,1093,33,19,,,,5546,2025,307,0,0,0,4545,4198,4198,19,24,,106,639,218,120,0,0,366.993,19.06
001690,2003-09-30,APPLE INC,1980-12-12,2003-10-15,2003.5,2003.75,037833100,0000320193,AAPL,3663,95014,14,USA,6815,2592,1715,1715,1230,60,41,,,,5887,2357,304,0,0,0,4566,4223,4223,44,29,,164,669,235,111,0,0,366.727,20.72
001690,2003-12-31,APPLE INC,1980-12-12,2004-01-14,2003.75,2004,037833100,0000320193,AAPL,3663,95014,14,USA,6971,2641,2006,2006,1437,107,63,,,,6029,2382,302,0,0,0,4791,4330,4330,63,33,,44,684,259,119,0,0,368.761,21.37
001690,2004-03-31,APPLE INC,1980-12-12,2004-04-14,2004,2004.25,037833100,0000320193,AAPL,3663,95014,14,USA,6735,2245,1909,1909,1343,98,46,,,,5784,1980,0,0,0,0,4594,4490,4490,46,36,,79,687,265,123,0,0,372.855,27.04
001690,2004-06-30,APPLE INC,1980-12-12,2004-07-14,2004.25,2004.5,037833100,0000320193,AAPL,3663,95014,14,USA,7223,2411,2014,2014,1414,121,61,,,,6286,2155,0,0,0,0,4966,4812,4812,61,41,,117,684,256,125,0,0,385.192,32.54
001690,2004-09-30,APPLE INC,1980-12-12,2004-10-13,2004.5,2004.75,037833100,0000320193,AAPL,3663,95014,14,USA,8050,2974,2350,2350,1676,173,106,,,,7055,2680,0,0,0,0,5464,5076,5076,106,40,,176,707,294,122,0,0,391.444,38.75
001690,2004-12-31,APPLE INC,1980-12-12,2005-01-12,2004.75,2005,037833100,0000320193,AAPL,3663,95014,14,USA,9362,3572,3490,3490,2453,444,295,122,,,8322,3224,0,0,0,0,6448,5790,5790,295,41,,58,735,226,123,0,0,404.549,64.4
001690,2005-03-31,APPLE INC,1980-12-12,2005-04-13,2005,2005.25,037833100,0000320193,AAPL,3663,95014,14,USA,10111,3725,3243,3243,2235,438,286,132,,,9007,3352,0,0,0,0,7057,6386,6386,286,41,,101,742,241,120,0,0,823.137,41.67
001690,2005-06-30,APPLE INC,1980-12-12,2005-07-13,2005.25,2005.5,037833100,0000320193,AAPL,3663,95014,14,USA,10488,3667,3520,3520,2430,472,319,283,,,9376,3123,0,0,0,0,7526,6821,6821,319,46,,164,764,261,145,0,0,827.981,36.81
001690,2005-09-30,APPLE INC,1980-12-12,2005-10-11,2005.5,2005.75,037833100,0000320193,AAPL,3663,95014,14,USA,11551,4085,3678,3678,2592,468,428,308,,,10300,3484,0,0,0,0,8261,7466,7466,428,51,,260,817,293,147,0,0,835.019,53.61
001690,2005-12-31,APPLE INC,1980-12-12,2006-01-18,2005.75,2006,037833100,0000320193,AAPL,3663,95014,14,USA,14181,5801,5749,5749,4133,802,565,430,,,12162,5060,0,0,0,0,8707,8380,8380,565,52,,82,855,311,182,0,0,845.617,71.89
001690,2006-03-31,APPLE INC,1980-12-12,2006-04-19,2006,2006.25,037833100,0000320193,AAPL,3663,95014,14,USA,13911,5229,4359,4359,3012,579,410,460,,,11286,4456,0,0,0,0,8226,8682,8682,410,50,,275,1005,313,176,0,0,849.188,62.72
001690,2006-06-30,APPLE INC,1980-12-12,2006-07-19,2006.25,2006.5,037833100,0000320193,AAPL,3663,95014,14,USA,15114,5784,4370,4370,2988,623,472,423,,,12491,5023,0,0,0,0,9176,9330,9330,472,57,,512,1197,338,175,0,0,852.988,57.27
001690,2006-09-30,APPLE INC,1980-12-12,2006-10-18,2006.5,2006.75,037833100,0000320193,AAPL,3663,95014,14,USA,17205,7221,4837,4837,3359,674,542,381,,,14509,6471,0,0,0,0,10110,9984,9984,542,66,,657,1281,369,179,0,0,855.263,76.98
001690,2006-12-31,APPLE INC,1980-12-12,2007-01-17,2006.75,2007,037833100,0000320193,AAPL,3663,95014,14,USA,19461,8233,7115,7115,4821,1396,1004,504,,,16664,7337,0,0,0,0,11869,11228,11228,1004,74,,142,1362,392,184,0,0,860.22,84.84
001690,2007-03-31,APPLE INC,1980-12-12,2007-04-25,2007,2007.25,037833100,0000320193,AAPL,3663,95014,14,USA,18711,6450,5264,5264,3346,1055,770,535,,,16029,5485,0,0,0,0,12577,12261,12261,770,69,,247,1409,430,183,0,0,864.693,92.91
001690,2007-06-30,APPLE INC,1980-12-12,2007-07-25,2007.25,2007.5,037833100,0000320193,AAPL,3663,95014,14,USA,21647,8243,5410,5410,3334,1122,818,673,,,18745,6992,0,0,0,0,13767,13404,13404,818,81,,530,1626,578,208,0,0,869.162,122.04
001690,2007-09-30,APPLE INC,1980-12-12,2007-10-22,2007.5,2007.75,037833100,0000320193,AAPL,3663,95014,14,USA,25347,10815,6217,6217,4034,1153,904,619,,,21956,9299,0,0,0,0,15386,14532,14532,904,93,,735,1832,897,207,0,0,872.329,153.47
001690,2007-12-31,APPLE INC,1980-12-12,2008-01-22,2007.75,2008,037833100,0000320193,AAPL,3663,95014,14,USA,30039,13235,9608,9608,6170,2232,1581,780,,,26189,10535,0,0,0,0,18448,16804,16804,1581,106,,224,1870,1920,246,0,0,878.629,198.08
001690,2008-03-31,APPLE INC,1980-12-12,2008-04-23,2008,2008.25,037833100,0000320193,AAPL,3663,95014,14,USA,30471,12418,7512,7512,4922,1431,1045,675,,,26736,9634,0,0,0,0,19448,18053,18053,1045,116,,384,1962,2109,273,0,0,881.431,143.5
001690,2008-06-30,APPLE INC,1980-12-12,2008-07-21,2008.25,2008.5,037833100,0000320193,AAPL,3663,95014,14,USA,31709,12087,7464,7464,4747,1509,1072,806,,,27998,9218,0,0,0,0,20774,19622,19622,1072,117,,688,2177,2063,292,0,0,885.747,167.44
001690,2008-09-30,APPLE INC,1980-12-12,2008-10-21,2008.5,2008.75,037833100,0000320193,AAPL,3663,95014,14,USA,39572,18542,7895,7895,5022,1576,1136,675,,,34690,14092,0,0,0,0,24490,21030,21030,1136,134,,1091,2455,3775,298,0,0,888.326,113.66
001690,2008-12-31,APPLE INC,1980-12-12,2009-01-21,2008.75,2009,037833100,0000320193,AAPL,3663,95014,14,USA,42787,19878,11880,11880,7205,3269,2255,865,,,35163,14757,0,0,0,0,25647,22909,22909,2255,168,,339,2580,4256,315,0,0,890.415,85.35
001690,2009-03-31,APPLE INC,1980-12-12,2009-04-22,2009,2009.25,037833100,0000320193,AAPL,3663,95014,14,USA,43237,18926,9084,9084,5276,2504,1620,863,,,33853,13751,0,0,0,0,25013,24311,24311,1620,181,,439,2546,4312,319,0,0,891.912,105.12
001690,2009-06-30,APPLE INC,1980-12-12,2009-07-21,2009.25,2009.5,037833100,0000320193,AAPL,3663,95014,14,USA,48140,22252,9734,9734,5569,2814,1828,970,,,35170,16661,0,0,0,0,24222,25888,25888,1828,182,,685,2653,4621,341,0,0,895.735,142.43
001690,2009-09-30,APPLE INC,1980-12-12,2009-10-19,2009.5,2009.75,037833100,0000320193,AAPL,3663,95014,14,USA,47501,15861,12207,12207,6899,3887,2532,2216,,,31555,11506,0,0,0,0,23464,31640,31640,2532,203,,1144,2954,2139,358,0,0,899.806,185.35
001690,2009-12-31,APPLE INC,1980-12-12,2010-01-25,2009.75,2010,037833100,0000320193,AAPL,3663,95014,14,USA,53926,18158,15683,15683,9063,4934,3378,2769,,,33332,13097,0,0,0,0,24796,35768,35768,3378,209,,376,3115,2292,398,0,0,906.282,210.732
001690,2010-03-31,APPLE INC,1980-12-12,2010-04-20,2010,2010.25,037833100,0000320193,AAPL,3663,95014,14,USA,57057,17709,13499,13499,7658,4195,3074,3241,,,32336,12229,0,0,0,0,23155,39348,39348,3074,216,,650,3504,2239,426,0,0,909.636,235
001690,2010-06-30,APPLE INC,1980-12-12,2010-07-20,2010.25,2010.5,037833100,0000320193,AAPL,3663,95014,14,USA,64725,21614,15700,15700,9291,4507,3253,3828,,,36033,15612,0,0,0,0,24288,43111,43111,3253,273,,1245,3990,2174,464,0,0,913.482,251.53
001690,2010-09-30,APPLE INC,1980-12-12,2010-10-18,2010.5,2010.75,037833100,0000320193,AAPL,3663,95014,14,USA,75183,27392,20343,20343,12502,5776,4308,4300,,,41678,20722,0,0,0,0,25620,47791,47791,4308,329,,2005,4768,2370,494,0,0,915.97,283.75
001690,2010-12-31,APPLE INC,1980-12-12,2011-01-18,2010.75,2011,037833100,0000320193,AAPL,3663,95014,14,USA,86742,32076,26741,26741,16087,8183,6004,5418,,,43927,23795,0,0,0,0,26977,54666,54666,6004,356,,1214,5868,2863,575,0,0,921.035,322.56
001690,2011-03-31,APPLE INC,1980-12-12,2011-04-20,2011,2011.25,037833100,0000320193,AAPL,3663,95014,14,USA,94904,33427,24667,24667,14015,8308,5987,6150,,,46997,24327,0,0,0,0,29234,61477,61477,5987,434,,1838,6241,2950,581,0,0,924.674,348.5075
001690,2011-06-30,APPLE INC,1980-12-12,2011-07-19,2011.25,2011.5,037833100,0000320193,AAPL,3663,95014,14,USA,106758,37415,28571,28571,16168,9860,7308,7331,,,46898,26859,0,0,0,0,28395,69343,69343,7308,481,,2615,6749,3225,628,0,0,926.904,335.67
001690,2011-09-30,APPLE INC,1980-12-12,2011-10-18,2011.5,2011.75,037833100,0000320193,AAPL,3663,95014,14,USA,116371,39756,28270,28270,16347,9253,6623,8159,,,44988,27970,0,0,0,0,25952,76615,76615,6623,543,,4260,7777,3627,645,0,0,929.277,381.32
001690,2011-12-31,APPLE INC,1980-12-12,2012-01-24,2011.75,2012,037833100,0000320193,AAPL,3663,95014,14,USA,138681,48627,46333,46333,24909,18061,13064,9725,,,54771,34607,0,0,0,0,30156,90054,90054,13064,721,,1321,7816,4295,758,0,0,932.214,405
001690,2012-03-31,APPLE INC,1980-12-12,2012-04-24,2012,2012.25,037833100,0000320193,AAPL,3663,95014,14,USA,150934,48436,39186,39186,19882,16124,11622,11704,,,50712,32036,0,0,0,0,28538,102498,102498,11622,740,,2778,8847,4696,841,0,0,934.982,599.55
001690,2012-06-30,APPLE INC,1980-12-12,2012-07-24,2012.25,2012.5,037833100,0000320193,AAPL,3663,95014,14,USA,162896,51150,35023,35023,19194,12408,8824,13195,13195,,51943,33060,0,0,0,0,27654,111746,111746,8824,835,,4834,10487,4895,876,0,0,937.266,584
001690,2012-09-30,APPLE INC,1980-12-12,2012-10-25,2012.5,2012.75,037833100,0000320193,AAPL,3663,95014,14,USA,176064,57854,35966,35966,20584,11925,8223,13847,13847,,57653,38542,0,0,0,0,29129,118210,118210,8223,981,,8295,15452,5465,906,0,0,939.208,667.105
001690,2012-12-31,APPLE INC,1980-12-12,2013-01-23,2012.75,2013,037833100,0000320193,AAPL,3663,95014,14,USA,196088,68742,54512,54512,31864,18798,13078,15654,15654,,72348,46879,0,0,0,0,39820,127346,127346,13078,1588,,2317,15422,6209,1010,0,0,938.973,532.1729
001690,2013-03-31,APPLE INC,1980-12-12,2013-04-23,2013,2013.25,037833100,0000320193,AAPL,3663,95014,14,USA,194743,59253,43603,43603,25562,14250,9547,16481,16481,,63337,35508,0,0,0,0,39137,135490,135490,9547,1692,,4325,15026,7264,1119,0,0,940.094,442.66
001690,2013-06-30,APPLE INC,1980-12-12,2013-07-23,2013.25,2013.5,037833100,0000320193,AAPL,3663,95014,14,USA,199856,76502,35323,35323,20605,10895,6900,16070,16070,,68219,36319,0,16958,0,0,42606,123354,123354,6900,1694,,6210,16327,7155,1178,0,0,908.442,396.53
001690,2013-09-30,APPLE INC,1980-12-12,2013-10-28,2013.5,2013.75,037833100,0000320193,AAPL,3663,95014,14,USA,207000,83451,37472,37472,21818,11813,7512,16489,16489,,73286,43658,0,16960,0,0,40546,123549,123549,7512,1783,,8165,16597,6344,1168,0,0,899.213,476.75
001690,2013-12-31,APPLE INC,1980-12-12,2014-01-27,2013.75,2014,037833100,0000320193,AAPL,3663,95014,14,USA,225184,95500,57594,57594,33604,19607,13072,18306,18306,,80347,53769,0,16961,0,0,40711,129684,129684,13072,2144,,1985,15488,6464,1330,0,0,892.447,561.02
001690,2014-03-31,APPLE INC,1980-12-12,2014-04-23,2014,2014.25,037833100,0000320193,AAPL,3663,95014,14,USA,205989,85810,45646,45646,25812,15480,10223,19471,19471,,70541,43208,0,16962,0,0,41350,120179,120179,10223,1887,,3367,15120,6169,1422,0,0,861.745,536.74
001690,2014-06-30,APPLE INC,1980-12-12,2014-07-22,2014.25,2014.5,037833100,0000320193,AAPL,3663,95014,14,USA,222520,101580,37432,37432,20751,12228,7748,20159,20159,,67949,46205,2010,29030,0,0,37805,120940,120940,7748,1946,,5745,17585,6186,1603,0,0,5989.171,92.93
001690,2014-09-30,APPLE INC,1980-12-12,2014-10-20,2014.5,2014.75,037833100,0000320193,AAPL,3663,95014,14,USA,231839,120292,42123,42123,24145,13134,8467,20259,20259,,68531,63448,6308,28987,0,0,25077,111547,111547,8467,1969,,9571,20624,7598,1686,0,0,5866.161,100.75
001690,2014-12-31,APPLE INC,1980-12-12,2015-01-27,2014.75,2015,037833100,0000320193,AAPL,3663,95014,14,USA,261894,138566,74599,74599,42283,26821,18024,23371,23371,,83403,73611,3899,32504,0,0,32463,123328,123328,18024,2575,,3217,20392,9080,1895,0,0,5826.419,110.38
001690,2015-03-31,APPLE INC,1980-12-12,2015-04-27,2015,2015.25,037833100,0000320193,AAPL,3663,95014,14,USA,261194,132188,58010,58010,31875,20757,13569,23825,23825,,67891,58729,3799,40072,0,0,33096,129006,129006,13569,2479,,5586,20151,9562,1918,0,0,5762.278,124.43
001690,2015-06-30,APPLE INC,1980-12-12,2015-07-21,2015.25,2015.5,037833100,0000320193,AAPL,3663,95014,14,USA,273151,147474,49605,49605,26840,17167,10677,24539,24539,,70953,65285,6999,47419,0,0,34703,125677,125677,10677,3084,,7629,21149,10231,2034,0,0,5705.4,125.425
001690,2015-09-30,APPLE INC,1980-12-12,2015-10-27,2015.5,2015.75,037833100,0000320193,AAPL,3663,95014,14,USA,290479,171124,51501,51501,27834,17742,11124,24062,24062,,89378,80610,10999,53463,0,0,41601,119355,119355,11124,3119,,11247,22471,12989,2220,0,0,5578.753,110.3
001690,2015-12-31,APPLE INC,1980-12-12,2016-01-26,2015.75,2016,037833100,0000320193,AAPL,3663,95014,14,USA,293284,165017,75324,75324,42495,26577,18361,21617,21617,,76219,76092,9759,53204,0,0,38074,128267,128267,18361,2954,,3612,22300,14104,2404,0,0,5544.487,105.26
001690,2016-03-31,APPLE INC,1980-12-12,2016-04-26,2016,2016.25,037833100,0000320193,AAPL,3663,95014,14,USA,305277,174820,50557,50557,28159,16464,10516,22955,22955,,87592,68265,10498,69374,0,0,55283,130457,130457,10516,2477,,5948,23203,14226,2511,0,0,5478.446,108.99
001690,2016-06-30,APPLE INC,1980-12-12,2016-07-26,2016.25,2016.5,037833100,0000320193,AAPL,3663,95014,14,USA,305602,179061,42358,42358,23726,12631,7796,24560,24560,,93761,71486,15996,68939,0,0,61756,126541,126541,7796,2526,,8757,25448,14076,2560,0,0,5393.165,95.6
001690,2016-09-30,APPLE INC,1980-12-12,2016-10-25,2016.5,2016.75,037833100,0000320193,AAPL,3663,95014,14,USA,321686,193437,46852,46852,26491,14309,9014,26019,26019,,106869,79006,11605,75427,0,0,67155,128249,128249,9014,2548,,12734,27010,12985,2570,0,0,5336.166,113.05
001690,2016-12-31,APPLE INC,1980-12-12,2017-01-31,2016.75,2017,037833100,0000320193,AAPL,3663,95014,14,USA,331141,198751,78351,78351,45188,26346,17891,26948,26948,,103332,84130,13992,73557,0,0,60452,132390,132390,17891,2987,,3334,26510,14116,2871,0,0,5255.423,115.82
001690,2017-03-31,APPLE INC,1980-12-12,2017-05-02,2017,2017.25,037833100,0000320193,AAPL,3663,95014,14,USA,334532,200450,52896,52896,29973,16429,11029,28226,28226,,101990,73342,13991,84531,0,0,67101,134082,134082,11029,2332,,6309,27163,14351,2776,0,0,5205.815,143.66
001690,2017-06-30,APPLE INC,1980-12-12,2017-08-01,2017.25,2017.5,037833100,0000320193,AAPL,3663,95014,14,USA,345173,212748,45408,45408,25566,13122,8717,,,,112875,81302,18475,89864,0,0,76759,132425,132425,8717,2354,,8586,29286,41582,2937,0,0,5169.782,144.02
012141,1984-09-30,MICROSOFT CORP,,,1984.5,1985,594918104,0000789019,MSFT,7372,98052,14,USA,,,26.004,26.004,,,3.962,,,,,,,,,,,,,3.962,,,,,,,,,,
012141,1984-12-31,MICROSOFT CORP,,,1984.75,1985.25,594918104,0000789019,MSFT,7372,98052,14,USA,,,36.833,36.833,14.083,19.241,6.034,,,,,,,,,,,,,6.034,1.423,,,,,,,,,
012141,1985-03-31,MICROSOFT CORP,,,1985,1985.5,594918104,0000789019,MSFT,7372,98052,14,USA,,,40.662,40.662,,,8.497,,,,,,,,,,,,,8.497,,,,,,,,,,
012141,1985-06-30,MICROSOFT CORP,,,1985.25,1985.75,594918104,0000789019,MSFT,7372,98052,14,USA,65.064,10.624,36.918,36.918,12.902,25.128,5.608,0,,,52.066,10.624,0.65,0,0,0,18.948,54.44,54.435,5.608,2.039,19.984,6.576,11.19,0,,0,0.005,21.533,
012141,1985-09-30,MICROSOFT CORP,,,1985.5,1986,594918104,0000789019,MSFT,7372,98052,14,USA,,,35.153,35.153,,,6.17,,,,,,,,,,,,,6.17,,,,,,,,,,
012141,1985-12-31,MICROSOFT CORP,,,1985.75,1986.25,594918104,0000789019,MSFT,7372,98052,14,USA,94.438,22.593,49.897,49.897,15.867,29.054,10.948,0,,,80.167,22.593,,0,0,0,38.158,71.845,71.84,10.948,2.403,16.132,3.874,12.661,0,,0,0.005,21.715,
012141,1986-03-31,MICROSOFT CORP,,,1986,1986.5,594918104,0000789019,MSFT,7372,98052,14,USA,156.825,29.298,50.505,50.505,9.06,16.957,10.629,0,,,138.288,29.298,,0,0,0,96.469,127.527,,10.629,1.562,,,15.949,0,,0,,,27.5
012141,1986-06-30,MICROSOFT CORP,,1986-07-24,1986.25,1986.75,594918104,0000789019,MSFT,7372,98052,14,USA,170.739,31.407,61.959,61.959,10.181,20.649,11.507,0,,,147.98,29.528,,1.879,0,0,102.676,139.332,139.332,11.507,1.789,77.01,14.108,19.544,0,,0,0,25.52,30.75
012141,1986-09-30,MICROSOFT CORP,,1986-10-21,1986.5,1987,594918104,0000789019,MSFT,7372,98052,14,USA,205.934,49.2,66.78,66.78,11.706,27.116,15.824,0,,,174.67,47.266,3.223,1.934,0,0,118.798,156.734,,15.824,1.511,,,26.615,0,,0,,,28.25
012141,1986-12-31,MICROSOFT CORP,,1987-01-21,1986.75,1987.25,594918104,0000789019,MSFT,7372,98052,14,USA,219.409,42.105,80.985,80.985,15.328,32.564,19.697,0,,,187.167,40.17,2.561,1.935,0,0,119.372,177.304,177.304,19.697,1.654,28.545,11.469,27.848,0,,0,0,25.994,48.25
012141,1987-03-31,MICROSOFT CORP,,1987-04-20,1987,1987.5,594918104,0000789019,MSFT,7372,98052,14,USA,259.171,51.121,98.363,98.363,26.267,34.095,19.1,0,,,224.273,49.086,5.62,2.035,0,0,142.797,208.05,208.05,19.1,2.001,56.735,17.204,31.582,0,,0,0,26.146,96.7499
012141,1987-06-30,MICROSOFT CORP,,1987-07-23,1987.25,1987.75,594918104,0000789019,MSFT,7372,98052,14,USA,287.754,48.649,99.762,99.762,27.189,26.476,17.257,0,,,213.002,46.644,5.172,2.005,0,0,132.484,239.105,239.105,17.257,2.385,47.906,58.017,70.01,0,,0,0,26.357,101.9999
012141,1987-09-30,MICROSOFT CORP,,1987-10-19,1987.5,1988,594918104,0000789019,MSFT,7372,98052,14,USA,343.502,81.306,102.636,102.636,18.461,32.443,21.259,0,,,245.753,77.282,3.381,4.024,0,0,152.053,262.196,262.196,21.259,3.164,2.113,10.562,78.078,0,,0,0,52.999,66.25
012141,1987-12-31,MICROSOFT CORP,,1988-01-20,1987.75,1988.25,594918104,0000789019,MSFT,7372,98052,14,USA,411.81,110.938,155.896,155.896,36.346,54.911,35.329,0,,,305.315,106.587,32.844,4.351,0,0,182.6,300.872,300.872,35.329,4.327,32.37,23.036,87.26,0,,0,0,53.239,54.25
012141,1988-03-31,MICROSOFT CORP,,1988-04-19,1988,1988.5,594918104,0000789019,MSFT,7372,98052,14,USA,440.726,97.535,161.823,161.823,37.15,55.413,37.308,0,,,322.501,93.325,11.034,4.21,0,0,181.521,343.191,343.191,37.308,4.244,62.818,39.087,100.226,0,,0,0,53.43,56.5
012141,1988-06-30,MICROSOFT CORP,,1988-07-26,1988.25,1988.75,594918104,0000789019,MSFT,7372,98052,14,USA,493.019,117.521,170.472,170.472,40.008,46.256,30.012,0,,,345.348,117.521,20.259,0,0,0,183.225,375.498,375.498,30.012,4.3,63.474,71.642,130.108,0,,0,0,53.663,67
012141,1988-09-30,MICROSOFT CORP,,1988-10-24,1988.5,1989,594918104,0000789019,MSFT,7372,98052,14,USA,548.352,135.666,176.393,176.393,40.866,55.518,36.582,0,,,382.174,135.666,27.05,0,0,0,203.631,412.686,412.686,36.582,5.065,18.681,22.622,148.746,0,22.938,0,0,53.884,52.2499
012141,1988-12-31,MICROSOFT CORP,,1989-01-19,1988.75,1989.25,594918104,0000789019,MSFT,7372,98052,14,USA,604.937,139.605,209.882,209.882,48.444,73.472,47.485,0,,,418.427,139.605,34.495,0,0,0,236.265,465.332,465.332,47.485,6.277,50.995,47.837,168.796,0,25.177,0,0,54.051,53.2499
012141,1989-03-31,MICROSOFT CORP,,1989-04-21,1989,1989.5,594918104,0000789019,MSFT,7372,98052,14,USA,642.935,133.128,197.024,197.024,42.681,61.274,41.119,0,,,442.547,133.128,20.983,0,0,0,276.518,509.807,509.807,41.119,6.21,81.592,64.825,180.715,0,29.128,0,0,54.353,49.8749
012141,1989-06-30,MICROSOFT CORP,,1989-07-25,1989.25,1989.75,594918104,0000789019,MSFT,7372,98052,14,USA,720.598,158.818,220.231,220.231,48.003,68.157,45.352,0,,,468.949,158.818,25.419,0,0,0,300.791,561.78,561.78,45.352,6.639,,89.362,198.825,0,32.977,0,0,54.586,52.9999
012141,1989-09-30,MICROSOFT CORP,,1989-10-19,1989.5,1990,594918104,0000789019,MSFT,7372,98052,14,USA,809.179,184.601,235.161,235.161,41.262,77.386,49.588,0,,,526.813,184.601,27.477,0,0,0,336.496,624.578,624.578,49.588,9.497,,40.849,232.096,0,39.69,0,0,54.996,68.5
012141,1989-12-31,MICROSOFT CORP,,1990-01-18,1989.75,1990.25,594918104,0000789019,MSFT,7372,98052,14,USA,921.785,190.036,300.431,300.431,54.843,116.456,74.476,0,,,612.826,190.036,9.506,0,0,0,380.082,731.749,731.749,74.476,10.975,,73.25,257.221,0,41.284,0,0,55.676,86.9999
012141,1990-03-31,MICROSOFT CORP,,1990-04-17,1990,1990.5,594918104,0000789019,MSFT,7372,98052,14,USA,1015.314,189.112,310.882,310.882,54.088,116.888,75.169,0,,,679.479,189.112,6.625,0,0,0,446.618,826.202,826.202,75.169,12.008,,105.498,281.812,0,47.126,0,0,56.143,110.7499
012141,1990-06-30,MICROSOFT CORP,,1990-07-26,1990.25,1990.75,594918104,0000789019,MSFT,7372,98052,14,USA,1105.349,186.786,336.972,336.972,56.157,122.826,79.953,0,,,719.89,186.786,6.5,0,0,0,449.238,918.563,918.563,79.953,13.838,,158.09,325.447,0,52.515,0,0,113.699,75.9999
012141,1990-09-30,MICROSOFT CORP,,1990-10-18,1990.5,1991,594918104,0000789019,MSFT,7372,98052,14,USA,1203.5,213.1,369.4,369.4,63,134.5,87.6,0,,,770.8,213.1,10,0,0,0,495.1,990.4,990.4,87.6,13,,60.5,376.8,0,50.8,0,0,113.7,63
012141,1990-12-31,MICROSOFT CORP,,1991-01-18,1990.75,1991.25,594918104,0000789019,MSFT,7372,98052,14,USA,1366,247.5,460.5,460.5,78.1,173.3,112.9,0,,,877.3,247.5,17.6,0,0,0,540.1,1118.5,1118.5,112.9,15.5,,127.7,433.1,0,54.1,0,0,114.7,75.25
012141,1991-03-31,MICROSOFT CORP,,1991-04-17,1991,1991.5,594918104,0000789019,MSFT,7372,98052,14,USA,1502.4,252.9,486.9,486.9,76.4,192.6,123.8,0,,,929,252.9,20.6,0,0,0,605.2,1249.5,1249.5,123.8,19.1,,192.1,479.6,0,60.2,0,0,115.9,106.1249
012141,1991-06-30,MICROSOFT CORP,,1991-07-24,1991.25,1991.75,594918104,0000789019,MSFT,7372,98052,14,USA,1644.184,293.353,526.632,526.632,69.327,222.204,138.443,0,,,1028.503,293.353,19.456,0,0,0,686.314,1350.831,1350.831,138.443,28.162,,264.395,530.191,0,70.286,0,0,174.234,68.125
012141,1991-09-30,MICROSOFT CORP,,1991-10-11,1991.5,1992,594918104,0000789019,MSFT,7372,98052,14,USA,1870.2,314.6,580.5,580.5,83.8,223.6,144,0,,,1201.2,314.6,19.3,0,0,0,858.9,1555.6,1555.6,144,20.7,,66.2,587.7,0,74,0,0,175.1,89
012141,1991-12-31,MICROSOFT CORP,,1992-01-17,1991.75,1992.25,594918104,0000789019,MSFT,7372,98052,14,USA,2128.4,357.2,681.9,681.9,90.3,270.9,175.2,0,,,1351.6,357.2,18.4,0,0,0,976,1771.2,1771.2,175.2,24.8,,190,695.4,0,85.8,0,0,177.3,111.2499
012141,1992-03-31,MICROSOFT CORP,,1992-04-17,1992,1992.5,594918104,0000789019,MSFT,7372,98052,14,USA,2340,337.9,680.9,680.9,82.6,278.5,178.8,0,,,1533,337.9,11.7,0,0,0,1144.1,2002.1,2002.1,178.8,27.5,,249.5,728.8,0,90.3,0,0,179.6,118.4999
012141,1992-06-30,MICROSOFT CORP,,1992-07-22,1992.25,1992.75,594918104,0000789019,MSFT,7372,98052,14,USA,2639.903,446.945,815.425,815.425,97.403,335.3,210.06,0,,,1769.704,446.945,8.324,,0,0,1344.901,2192.958,2192.958,210.06,39.321,,316.642,766.63,0,102.053,0,0,272.139,70
012141,1992-09-30,MICROSOFT CORP,,1992-10-13,1992.5,1993,594918104,0000789019,MSFT,7372,98052,14,USA,2849,442,818,818,97,327,209,0,,,1961,442,,,0,0,1481,2407,2407,209,38,,49,786,0,105,0,0,274,80.5
012141,1992-12-31,MICROSOFT CORP,,1993-01-14,1992.75,1993.25,594918104,0000789019,MSFT,7372,98052,14,USA,3226,476,938,938,121,362,236,0,,,2340,476,,,0,0,1781,2750,2750,236,36,,100,798,0,111,0,0,279,85.375
012141,1993-03-31,MICROSOFT CORP,,1993-04-14,1993,1993.5,594918104,0000789019,MSFT,7372,98052,14,USA,3560,549,958,958,123,376,243,0,,,2646,549,,,0,0,2001,3011,3011,243,38,,161,824,0,116,0,0,281,92.5
012141,1993-06-30,MICROSOFT CORP,,1993-07-28,1993.25,1993.75,594918104,0000789019,MSFT,7372,98052,14,USA,3805,563,1039,1039,141,412,265,0,,,2850,563,,,0,0,2290,3242,3242,265,39,,236,867,0,138,0,0,282,88
012141,1993-09-30,MICROSOFT CORP,,1993-10-20,1993.5,1994,594918104,0000789019,MSFT,7372,98052,14,USA,4048,581,983,983,118,384,239,0,,,3073,581,,,0,0,2532,3467,3467,239,41,,59,891,0,134,0,0,283,82.5
012141,1993-12-31,MICROSOFT CORP,,1994-01-20,1993.75,1994.25,594918104,0000789019,MSFT,7372,98052,14,USA,4486,740,1129,1129,138,462,289,0,,,3482,740,,,0,0,2796,3746,3746,289,47,,122,913,0,150,0,0,284,80.625
012141,1994-03-31,MICROSOFT CORP,,1994-04-18,1994,1994.5,594918104,0000789019,MSFT,7372,98052,14,USA,4926,914,1244,1244,135,553,256,0,,,3912,914,,,0,0,3143,4012,4012,256,73,,191,918,0,156,0,0,286,84.75
012141,1994-06-30,MICROSOFT CORP,,1994-07-20,1994.25,1994.75,594918104,0000789019,MSFT,7372,98052,14,USA,5363,913,1293,1293,135,564,362,0,,,4312,913,,,0,0,3614,4450,4450,362,76,,278,930,0,170,0,0,581,51.625
012141,1994-09-30,MICROSOFT CORP,,1994-10-19,1994.5,1995,594918104,0000789019,MSFT,7372,98052,14,USA,5637,1004,1247,1247,119,504,316,0,,,4554,1004,,,0,0,3776,4633,4429.996,316,67,,67,936,0,178,203,203,581,56.125
012141,1994-12-31,MICROSOFT CORP,,1995-01-19,1994.75,1995.25,594918104,0000789019,MSFT,7372,98052,14,USA,5961,1096,1482,1482,156,586,373,0,,,4696,1096,,,125,125,3839,4740,4442.996,373,66,,170,977,0,199,297,297,581,61.125
012141,1995-03-31,MICROSOFT CORP,,1995-04-14,1995,1995.5,594918104,0000789019,MSFT,7372,98052,14,USA,6592,1185,1587,1587,165,619,396,0,,,5287,1185,,,125,125,4465,5282,4929.996,396,70,,272,1027,0,219,352,352,584,71.125
012141,1995-06-30,MICROSOFT CORP,,1995-07-17,1995.25,1995.75,594918104,0000789019,MSFT,7372,98052,14,USA,7210,1347,1621,1621,168,598,368,0,,,5620,1347,,,125,125,4750,5738,5332.996,368,66,,495,1192,0,264,405,405,588,90.375
012141,1995-09-30,MICROSOFT CORP,,1995-10-17,1995.5,1996,594918104,0000789019,MSFT,7372,98052,14,USA,8160,1759,2016,2016,253,777,499,,,,6417,1759,,,125,125,5064,6276,5739,499,69,,116,1265,0,302,537,537,590,90.5
012141,1995-12-31,MICROSOFT CORP,,1996-01-19,1995.75,1996.25,594918104,0000789019,MSFT,7372,98052,14,USA,9106,2241,2195,2195,252,864,575,,,,7103,2241,,,125,125,6017,6740,6180,575,78,,204,1297,0,313,560,560,590,87.75
012141,1996-03-31,MICROSOFT CORP,,1996-04-18,1996,1996.5,594918104,0000789019,MSFT,7372,98052,14,USA,9590,2264,2205,2205,106,963,562,,,,7696,2264,,,125,125,6770,7201,6595,562,189,,336,1281,0,364,606,606,595,103.125
012141,1996-06-30,MICROSOFT CORP,,1996-07-22,1996.25,1996.75,594918104,0000789019,MSFT,7372,98052,14,USA,10093,2425,2255,2255,97,954,559,,,,7839,2425,0,0,125,125,6940,7543,6908,559,144,,494,1326,0,453,635,635,597,120.125
012141,1996-09-30,MICROSOFT CORP,,1996-10-21,1996.5,1997,594918104,0000789019,MSFT,7372,98052,14,USA,10740,2663,2295,2295,88,1064,614,,,,8232,2663,0,0,125,125,7098,7952,7277,614,162,,99,1304,0,432,675,675,597,131.875
012141,1996-12-31,MICROSOFT CORP,,1997-01-17,1996.75,1997.25,594918104,0000789019,MSFT,7372,98052,14,USA,12786,3144,2680,2680,152,1225,741,,,,10442,3144,0,0,0,0,9160,9642,8662,741,144,,216,1322,0,485,0,980,1198,82.625
012141,1997-03-31,MICROSOFT CORP,,1997-04-17,1997,1997.5,594918104,0000789019,MSFT,7372,98052,14,USA,12613,3479,3208,3208,189,1676,1042,,,,10224,3479,0,0,0,0,9086,9134,8154,1042,108,,326,1371,0,492,0,980,1191,91.687
012141,1997-06-30,MICROSOFT CORP,,1997-07-17,1997.25,1997.75,594918104,0000789019,MSFT,7372,98052,14,USA,14387,3610,3175,3175,99,1722,1057,,,,10373,3610,0,0,0,0,8966,10777,9797,1057,143,,499,1465,0,516,0,980,1204,126.375
012141,1997-09-30,MICROSOFT CORP,,1997-10-20,1997.5,1998,594918104,0000789019,MSFT,7372,98052,14,USA,15366,3902,3130,3130,25,1655,663,,,,10838,3902,0,0,0,0,9634,11464,10484,663,228,,117,1484,0,567,0,980,1206.691,132.312
012141,1997-12-31,MICROSOFT CORP,,1998-01-21,1997.75,1998.25,594918104,0000789019,MSFT,7372,98052,14,USA,16840,4496,3585,3585,44,1932,1133,,,,11636,4496,0,0,0,0,10105,12344,11364,1133,269,,268,1478,0,627,0,980,1211,129.25
012141,1998-03-31,MICROSOFT CORP,,1998-04-22,1998,1998.5,594918104,0000789019,MSFT,7372,98052,14,USA,19545,4869,3774,3774,38,2206,1337,,,,13735,4869,0,0,0,0,12322,14676,13696,1337,279,,415,1416,0,597,0,980,2454,89.5
012141,1998-06-30,MICROSOFT CORP,,1998-07-16,1998.25,1998.75,594918104,0000789019,MSFT,7372,98052,14,USA,22357,5730,3995,3995,66,2171,1357,,,,15889,5730,0,0,0,0,13927,16627,15647,1357,248,,656,1505,0,711,0,980,2470,108.375
012141,1998-09-30,MICROSOFT CORP,,1998-10-20,1998.5,1999,594918104,0000789019,MSFT,7372,98052,14,USA,25569,6445,4193,4193,470,2285,1683,,,,18964,6445,0,0,0,0,17242,19124,18144,1683,179,,106,1466,0,651,0,980,2488,110.0625
012141,1998-12-31,MICROSOFT CORP,,1999-01-19,1998.75,1999.25,594918104,0000789019,MSFT,7372,98052,14,USA,30049,7471,5195,5195,611,2926,1983,,,,21809,7471,0,0,0,0,19237,22578,21598,1983,177,,241,1495,0,715,0,980,2510,138.6875
012141,1999-03-31,MICROSOFT CORP,,1999-04-20,1999,1999.5,594918104,0000789019,MSFT,7372,98052,14,USA,33561,7839,4595,4595,550,2388,1917,,,,24058,7839,0,0,0,0,21761,25722,24742,1917,158,,291,1445,0,664,0,980,5091,89.625
012141,1999-06-30,MICROSOFT CORP,,1999-07-19,1999.25,1999.75,594918104,0000789019,MSFT,7372,98052,14,USA,37156,8718,5764,5764,173,3454,2202,,,,20233,8718,0,0,0,0,17236,28438,27458,2202,496,,583,1611,0,940,0,980,5109,90.1875
012141,1999-09-30,MICROSOFT CORP,,1999-10-19,1999.5,2000,594918104,0000789019,MSFT,7372,98052,14,USA,39672,8332,5384,5384,367,3134,2191,,,,21963,8332,0,0,0,0,18902,31340,30360,2191,345,,139,1657,0,813,0,980,5148,90.5625
012141,1999-12-31,MICROSOFT CORP,,2000-01-18,1999.75,2000.25,594918104,0000789019,MSFT,7372,98052,14,USA,45093,10504,6112,6112,421,3266,2436,,,,22020,10504,0,0,0,0,17843,34589,34589,2436,335,,371,1739,0,898,0,0,5177,116.75
012141,2000-03-31,MICROSOFT CORP,,2000-04-20,2000,2000.5,594918104,0000789019,MSFT,7372,98052,14,USA,50895,11103,5656,5656,487,3000,2385,,,,25217,11103,0,0,0,0,21205,39792,39792,2385,265,,617,1835,0,974,0,0,5242,106.25
012141,2000-06-30,MICROSOFT CORP,,2000-07-18,2000.25,2000.75,594918104,0000789019,MSFT,7372,98052,14,USA,52150,10782,5804,5804,477,2856,2409,1027,,,30308,9755,0,0,0,0,23798,41368,41368,2409,305,,879,1903,0,1087,0,0,5283,80
012141,2000-09-30,MICROSOFT CORP,,2000-10-18,2000.5,2001,594918104,0000789019,MSFT,7372,98052,14,USA,56089,10746,5766,5766,575,3027,2581,1440,,,31393,9306,0,0,0,0,24711,45343,45343,2206,250,,245,1973,0,956,0,0,5316,60.3125
012141,2000-12-31,MICROSOFT CORP,,2001-01-18,2000.75,2001.25,594918104,0000789019,MSFT,7372,98052,14,USA,57691,11269,6550,6550,625,3433,2624,1644,,,35016,9625,0,0,0,0,26889,46422,46422,2624,239,,517,2098,0,990,0,0,5321,43.375
012141,2001-03-31,MICROSOFT CORP,,2001-04-19,2001,2001.5,594918104,0000789019,MSFT,7372,98052,14,USA,59605,11515,6403,6403,416,3481,2451,1775,,,37789,9740,0,0,0,0,30018,48090,48090,2451,483,,781,2159,0,1069,0,0,5336,54.6875
012141,2001-06-30,MICROSOFT CORP,,2001-07-19,2001.25,2001.75,594918104,0000789019,MSFT,7372,98052,14,USA,59257,11968,6577,6577,303,3315,65,836,,,39637,11132,0,0,0,0,31600,47289,47289,65,564,,1103,2309,0,1364,0,0,5383,73
012141,2001-09-30,MICROSOFT CORP,,2001-10-18,2001.5,2002,594918104,0000789019,MSFT,7372,98052,14,USA,61367,12862,6126,6126,602,3179,1283,0,,,44332,12862,0,,0,0,36163,48505,48505,1283,282,,150,2261,0,1013,0,0,5385.754,51.17
012141,2001-12-31,MICROSOFT CORP,,2002-01-17,2001.75,2002.25,594918104,0000789019,MSFT,7372,98052,14,USA,65387,13839,7741,7741,1249,3796,2283,0,,,47988,11567,0,,,,38229,51548,51548,2283,295,,322,2240,2272,1044,0,0,5403,66.25
012141,2002-03-31,MICROSOFT CORP,,2002-04-18,2002,2002.5,594918104,0000789019,MSFT,7372,98052,14,USA,68379,14079,7245,7245,1247,3446,2738,59,,,47827,11842,0,,,,38693,54300,54300,2738,148,,488,2182,2178,1066,0,0,5415,60.31
012141,2002-06-30,MICROSOFT CORP,,2002-07-18,2002.25,2002.75,594918104,0000789019,MSFT,7372,98052,14,USA,67646,15466,7253,7253,1009,3233,1525,398,,,48576,12744,0,0,,,38652,52180,52180,1525,359,,770,2268,2324,1184,0,0,5359,54.7
012141,2002-09-30,MICROSOFT CORP,,2002-10-17,2002.5,2003,594918104,0000789019,MSFT,7372,98052,14,USA,70235,16719,7746,7746,1071,3301,2041,152,,,50043,13757,0,0,,,40475,53516,53516,2041,273,,160,2189,2810,1707,0,0,5346,43.74
012141,2002-12-31,MICROSOFT CORP,,2003-01-16,2002.75,2003.25,594918104,0000789019,MSFT,7372,98052,14,USA,72359,16547,8541,8541,1862,2718,1865,0,,,52931,13617,0,0,,,43424,55812,55812,1865,275,,436,2257,2930,1515,0,0,5351,51.7
012141,2003-03-31,MICROSOFT CORP,,2003-04-15,2003,2003.5,594918104,0000789019,MSFT,7372,98052,14,USA,74482,16200,7835,7835,891,3127,2142,369,,,54672,13161,0,0,,,46178,58282,58282,2142,383,,618,2208,2670,1692,0,0,10722,24.21
012141,2003-06-30,MICROSOFT CORP,,2003-07-17,2003.25,2003.75,594918104,0000789019,MSFT,7372,98052,14,USA,79571,18551,8065,8065,842,2815,1483,1731,,,58973,13974,0,0,,,49048,61020,61020,1483,462,,891,2223,2846,1681,0,0,10771,25.64
012141,2003-09-30,MICROSOFT CORP,,2003-10-23,2003.5,2004,594918104,0000789019,MSFT,7372,98052,14,USA,84281,17601,8215,8215,1152,3476,2614,,,,60910,15098,0,0,0,0,51622,66680,66680,2614,328,,167,2193,2503,1611,0,0,10805,27.8
012141,2003-12-31,MICROSOFT CORP,,2004-01-22,2003.75,2004.25,594918104,0000789019,MSFT,7372,98052,14,USA,85937,16594,10153,10153,2044,1775,1549,,,,62400,13927,0,0,0,0,52777,69343,69343,1549,300,,339,2178,2667,2971,0,0,10789,27.37
012141,2004-03-31,MICROSOFT CORP,,2004-04-22,2004,2004.5,594918104,0000789019,MSFT,7372,98052,14,USA,89767,19187,9175,9175,1162,4052,1315,,,,65270,15984,0,0,0,0,56407,70580,70580,1315,249,,552,2258,3203,1538,0,0,10777,24.93
012141,2004-06-30,MICROSOFT CORP,,2004-07-22,2004.25,2004.75,594918104,0000789019,MSFT,7372,98052,14,USA,92389,17564,9292,9292,1172,3442,2690,0,,,70566,14969,0,0,0,0,60592,74825,74825,2690,309,,1109,2326,2595,1659,0,0,10862,28.56
012141,2004-09-30,MICROSOFT CORP,,2004-10-21,2004.5,2005,594918104,0000789019,MSFT,7372,98052,14,USA,94268,18322,9189,9189,1222,4234,2528,0,,,72896,15811,0,,0,0,64415,75946,75946,2528,183,,173,2317,2511,1530,0,0,10865,27.65
012141,2004-12-31,MICROSOFT CORP,,2005-01-27,2004.75,2005.25,594918104,0000789019,MSFT,7372,98052,14,USA,64941,17709,10818,10818,1767,4857,3463,0,,,44399,15045,0,,0,0,34504,47232,47232,3463,108,,349,2336,2664,1421,0,0,10880,26.72
012141,2005-03-31,MICROSOFT CORP,,2005-04-28,2005,2005.5,594918104,0000789019,MSFT,7372,98052,14,USA,66275,18902,9620,9620,1081,4379,2563,0,,,46593,16139,0,,0,0,37594,47373,47373,2563,282,,552,2321,2763,1482,0,0,10804,24.17
012141,2005-06-30,MICROSOFT CORP,,2005-07-21,2005.25,2005.75,594918104,0000789019,MSFT,7372,98052,14,USA,70815,22700,10161,10161,1106,4027,3700,0,,,48737,16877,0,,0,0,37751,48115,48115,3700,282,,812,2346,5823,1664,0,0,10710,24.84
012141,2005-09-30,MICROSOFT CORP,,2005-10-27,2005.5,2006,594918104,0000789019,MSFT,7372,98052,14,USA,71462,23135,9741,9741,1019,4641,3141,0,,,49831,17022,0,,0,0,40056,48327,48327,3141,234,,213,2351,6113,1515,0,0,10645,25.73
012141,2005-12-31,MICROSOFT CORP,,2006-01-26,2005.75,2006.25,594918104,0000789019,MSFT,7372,98052,14,USA,67257,23049,11837,11837,2008,4888,3653,0,,,46694,16747,0,,0,0,34701,44208,44208,3653,231,,531,2452,6302,1591,0,0,10384,26.15
012141,2006-03-31,MICROSOFT CORP,,2006-04-27,2006,2006.5,594918104,0000789019,MSFT,7372,98052,14,USA,66854,24816,10900,10900,1851,4462,2977,0,,,46628,18367,0,,0,0,34816,42038,42038,2977,177,,833,2543,6449,1617,0,0,10225,27.21
012141,2006-06-30,MICROSOFT CORP,,2006-07-20,2006.25,2006.75,594918104,0000789019,MSFT,7372,98052,14,USA,69597,29493,11804,11804,1869,4493,2828,0,,,49010,22442,0,0,0,0,34161,40104,40104,2828,261,,1578,3044,7051,1861,0,0,10062,23.3
012141,2006-09-30,MICROSOFT CORP,,2006-10-26,2006.5,2007,594918104,0000789019,MSFT,7372,98052,14,USA,65354,29253,10811,10811,1447,4723,3478,0,,,45358,21972,0,0,0,0,31832,36101,36101,3478,249,,411,3193,7281,1786,0,0,9820,27.35
012141,2006-12-31,MICROSOFT CORP,,2007-01-25,2006.75,2007.25,594918104,0000789019,MSFT,7372,98052,14,USA,66371,29737,12542,12542,3255,3837,2626,0,,,45180,22215,0,0,0,0,28873,36634,36634,2626,365,,983,3686,7522,1637,0,0,9777,29.86
012141,2007-03-31,MICROSOFT CORP,,2007-04-26,2007,2007.5,594918104,0000789019,MSFT,7372,98052,14,USA,63891,28918,14398,14398,1695,7034,4926,0,,,42783,21627,0,0,0,0,28236,34973,34973,4926,445,,1444,3923,7291,1750,0,0,9572,27.87
012141,2007-06-30,MICROSOFT CORP,,2007-07-19,2007.25,2007.75,594918104,0000789019,MSFT,7372,98052,14,USA,63171,32074,13371,13371,2856,4370,3035,0,,,40168,23754,0,0,0,0,23411,31097,31097,3035,381,,2264,4350,8320,1948,0,0,9380,29.47
012141,2007-09-30,MICROSOFT CORP,,2007-10-25,2007.5,2008,594918104,0000789019,MSFT,7372,98052,14,USA,65645,33510,13762,13762,2240,6308,4289,0,,,35853,22744,0,0,0,0,21574,32135,32135,4289,435,,510,4615,10766,1837,0,0,9355,29.46
012141,2007-12-31,MICROSOFT CORP,,2008-01-24,2007.75,2008.25,594918104,0000789019,MSFT,7372,98052,14,USA,67339,32908,16367,16367,3062,6934,4707,0,,,37775,22058,0,0,0,0,21076,34431,34431,4707,481,,1205,4965,10850,1885,0,0,9329,35.6
012141,2008-03-31,MICROSOFT CORP,,2008-04-24,2008,2008.5,594918104,0000789019,MSFT,7372,98052,14,USA,70747,33193,14454,14454,1982,6239,4388,0,,,41489,27028,0,0,0,0,26341,37554,37554,4388,532,,1964,5516,6165,2035,0,0,9310,28.38
012141,2008-06-30,MICROSOFT CORP,,2008-07-17,2008.25,2008.75,594918104,0000789019,MSFT,7372,98052,14,USA,72793,36507,15837,15837,2258,6359,4297,0,,,43242,29886,0,1,0,0,23662,36286,36286,4297,608,,3182,6242,6620,2407,0,0,9151,27.51
012141,2008-09-30,MICROSOFT CORP,,2008-10-23,2008.5,2009,594918104,0000789019,MSFT,7372,98052,14,USA,65117,31523,15061,15061,2263,6584,4373,0,,,37202,24383,1975,0,0,0,20722,33594,33594,4373,585,,778,6552,7140,2283,0,0,8977,26.69
012141,2008-12-31,MICROSOFT CORP,,2009-01-22,2008.75,2009.25,594918104,0000789019,MSFT,7372,98052,14,USA,65786,31308,16629,16629,3275,6571,4174,0,,,37730,23710,2000,0,0,0,20715,34478,34478,4174,632,,1620,6996,7598,2290,0,0,8889,19.44
012141,2009-03-31,MICROSOFT CORP,,2009-04-23,2009,2009.5,594918104,0000789019,MSFT,7372,98052,14,USA,68853,31910,13648,13648,2150,5392,2977,0,,,40724,23823,1999,0,0,0,25340,36943,36943,2977,664,,2252,7112,8087,2212,0,0,8898,18.37
012141,2009-06-30,MICROSOFT CORP,,2009-07-23,2009.25,2009.75,594918104,0000789019,MSFT,7372,98052,14,USA,77888,38330,13099,13099,1905,4708,3045,0,,,49280,27034,2003,3756,0,0,31447,39558,39558,3045,681,,3119,7535,7540,2225,0,0,8908,23.77
012141,2009-09-30,MICROSOFT CORP,,2009-10-23,2009.5,2010,594918104,0000789019,MSFT,7372,98052,14,USA,81612,40400,12920,12920,2196,5128,3574,155,,,52231,28761,2250,3746,0,0,36728,41212,41212,3574,646,,435,7512,7738,2065,0,0,8900,25.72
012141,2009-12-31,MICROSOFT CORP,,2010-01-28,2009.75,2010.25,594918104,0000789019,MSFT,7372,98052,14,USA,82096,37813,19022,19022,3013,9187,6662,377,,,52487,25715,2249,3746,0,0,36099,44283,44283,6662,615,,811,7402,7975,2079,0,0,8811,30.48
012141,2010-03-31,MICROSOFT CORP,,2010-04-22,2010,2010.5,594918104,0000789019,MSFT,7372,98052,14,USA,84910,39200,14503,14503,2061,5867,4006,828,,,54518,26424,2249,3746,0,0,39666,45710,45710,4006,694,,1219,7372,8202,2220,0,0,8762,29.2875
012141,2010-06-30,MICROSOFT CORP,,2010-07-22,2010.25,2010.75,594918104,0000789019,MSFT,7372,98052,14,USA,86113,39938,16039,16039,2452,6648,4518,229,,,55676,26147,1000,4939,0,0,36788,46175,46175,4518,718,,1977,7630,8623,2350,0,0,8668,23.01
012141,2010-09-30,MICROSOFT CORP,,2010-10-28,2010.5,2011,594918104,0000789019,MSFT,7372,98052,14,USA,91540,44598,16195,16195,2445,7810,5410,540,,,59581,25857,1000,9665,0,0,44173,46942,46942,5410,694,,564,7771,8536,2196,0,0,8562,24.49
012141,2010-12-31,MICROSOFT CORP,,2011-01-27,2010.75,2011.25,594918104,0000789019,MSFT,7372,98052,14,USA,92306,43825,19953,19953,4170,8828,6634,826,,,59684,24312,0,9671,0,,41252,48481,48481,6634,663,,1055,7799,9016,2185,0,0,8403,27.91
012141,2011-03-31,MICROSOFT CORP,,2011-04-28,2011,2011.5,594918104,0000789019,MSFT,7372,98052,14,USA,99727,46275,16428,16428,3177,6429,5232,1185,,,66263,24042,0,11915,0,0,50150,53452,53452,5232,720,,1713,7969,9133,2269,0,0,8431,25.39
012141,2011-06-30,MICROSOFT CORP,,2011-07-21,2011.25,2011.75,594918104,0000789019,MSFT,7372,98052,14,USA,108704,51621,17367,17367,3019,6860,5874,1456,,,74918,28774,0,11921,0,0,52772,57083,57083,5874,689,,2355,8162,9470,2393,0,0,8376,26
012141,2011-09-30,MICROSOFT CORP,,2011-10-20,2011.5,2012,594918104,0000789019,MSFT,7372,98052,14,USA,107415,48024,17372,17372,3051,7929,5738,1040,,,75271,25543,0,11927,0,0,57403,59391,59391,5738,726,,436,8033,9514,2329,0,0,8410,24.89
012141,2011-12-31,MICROSOFT CORP,,2012-01-19,2011.75,2012.25,594918104,0000789019,MSFT,7372,98052,14,USA,112243,48122,20885,20885,4960,8672,6624,1082,,,72513,25373,0,11932,0,0,51736,64121,64121,6624,678,,934,8010,9735,2371,0,0,8382,25.96
012141,2012-03-31,MICROSOFT CORP,,2012-04-19,2012,2012.5,594918104,0000789019,MSFT,7372,98052,14,USA,118010,49351,17407,17407,3186,7140,5108,1456,,,76860,26170,0,11938,0,0,59529,68659,68659,5108,766,,1683,8225,9787,2517,0,0,8400,32.255
012141,2012-06-30,MICROSOFT CORP,,2012-07-19,2012.25,2012.75,594918104,0000789019,MSFT,7372,98052,14,USA,121271,54908,18059,18059,3366,7182,-492,1893,1893,,85084,32688,1231,10713,0,0,63040,66363,66363,-492,797,,2305,8269,9614,2594,0,0,8381,30.59
012141,2012-09-30,MICROSOFT CORP,,2012-10-18,2012.5,2013,594918104,0000789019,MSFT,7372,98052,14,USA,121876,53040,16008,16008,3458,6018,4466,2209,2209,,84051,31402,2236,9714,0,0,66644,68836,68836,4466,710,,603,8329,9715,2460,0,0,8422,29.76
012141,2012-12-31,MICROSOFT CORP,,2013-01-24,2012.75,2013.25,594918104,0000789019,MSFT,7372,98052,14,USA,128683,56107,21456,21456,4683,8780,6377,2394,2394,,89574,31910,2241,11947,0,0,68312,72576,72576,6377,1009,,1533,8698,9856,2528,0,0,8374,26.7097
012141,2013-03-31,MICROSOFT CORP,,2013-04-18,2013,2013.5,594918104,0000789019,MSFT,7372,98052,14,USA,134105,57417,20489,20489,3734,9398,6055,2424,2424,,93524,31929,2246,11949,0,0,74483,76688,76688,6055,1053,,2463,9204,11115,2640,0,0,8349,28.605
012141,2013-06-30,MICROSOFT CORP,,2013-07-18,2013.25,2013.75,594918104,0000789019,MSFT,7372,98052,14,USA,142431,63487,19896,19896,4619,7056,4965,1709,1709,,101466,37417,2999,12601,0,0,77022,78944,78944,4965,983,,4257,9991,11760,2783,0,0,8328,34.545
012141,2013-09-30,MICROSOFT CORP,,2013-10-24,2013.5,2014,594918104,0000789019,MSFT,7372,98052,14,USA,142348,60707,18529,18529,4191,7288,5244,2236,2236,,99450,34623,3300,12632,0,0,80672,81641,81641,5244,954,,1231,10774,11216,2767,0,0,8346,33.28
012141,2013-12-31,MICROSOFT CORP,,2014-01-23,2013.75,2014.25,594918104,0000789019,MSFT,7372,98052,14,USA,153543,68443,24519,24519,7061,9230,6558,2377,2377,,106870,33742,2300,20676,0,0,83944,85100,85100,6558,1261,,2963,11567,11648,2748,0,0,8300,37.41
012141,2014-03-31,MICROSOFT CORP,,2014-04-24,2014,2014.5,594918104,0000789019,MSFT,7372,98052,14,USA,156119,68695,20403,20403,4723,8229,5660,2318,2318,,109006,33903,2000,20679,0,0,88425,87424,87424,5660,1255,,4155,11771,11795,2743,0,0,8260,40.99
012141,2014-06-30,MICROSOFT CORP,,2014-07-22,2014.25,2014.75,594918104,0000789019,MSFT,7372,98052,14,USA,172384,82600,23000,23000,5891,7969,4612,2728,2728,,114246,45625,2000,20645,0,0,85709,89784,89784,4612,1742,,5485,13011,13602,3123,0,0,8239,41.7
012141,2014-09-30,MICROSOFT CORP,,2014-10-23,2014.5,2015,594918104,0000789019,MSFT,7372,98052,14,USA,169656,79486,23201,23201,6845,8412,4540,2714,2714,,112439,44694,5248,18472,0,0,89193,90170,90170,4540,1428,,1282,13229,13606,3065,0,0,8255,46.36
012141,2014-12-31,MICROSOFT CORP,,2015-01-26,2014.75,2015.25,594918104,0000789019,MSFT,7372,98052,14,USA,174848,82969,26470,26470,8615,9540,5863,2820,2820,,116362,47415,10048,18260,0,0,90249,91879,91879,5863,1521,,2772,13607,14474,2903,0,0,8218,46.45
012141,2015-03-31,MICROSOFT CORP,,2015-04-23,2015,2015.5,594918104,0000789019,MSFT,7372,98052,14,USA,176683,86551,21729,21729,5646,8299,4985,2919,2919,,118398,40748,4224,27644,0,0,95438,90132,90132,4985,1515,,4163,14375,15240,2984,0,0,8113,40.655
012141,2015-06-30,MICROSOFT CORP,,2015-07-21,2015.25,2015.75,594918104,0000789019,MSFT,7372,98052,14,USA,176223,96140,22180,22180,5975,7878,-3195,2835,2835,,124712,49858,7484,27808,0,0,96526,80083,80083,-3195,1493,,5944,14731,15639,3094,0,0,8027,44.15
012141,2015-09-30,MICROSOFT CORP,,2015-10-22,2015.5,2016,594918104,0000789019,MSFT,7372,98052,14,USA,172896,95451,20379,20379,5746,7254,4902,2169,2169,,121656,49399,10748,27819,0,0,99355,77445,77445,4902,1461,,1356,15046,16064,2962,0,0,7986,44.26
012141,2015-12-31,MICROSOFT CORP,,2016-01-28,2015.75,2016.25,594918104,0000789019,MSFT,7372,98052,14,USA,180098,103318,23796,23796,8328,7570,5018,2194,2194,,127812,42643,3750,40679,0,0,102640,76780,76780,5018,1544,,3380,15789,17802,2900,0,0,7925,55.48
012141,2016-03-31,MICROSOFT CORP,,2016-04-21,2016,2016.5,594918104,0000789019,MSFT,7372,98052,14,USA,181869,107063,20531,20531,6015,6990,3756,2674,2674,,128421,44354,5498,40896,0,0,105552,74806,74806,3756,1707,,5688,16831,19139,2980,0,0,7870,55.23
012141,2016-06-30,MICROSOFT CORP,,2016-07-19,2016.25,2016.75,594918104,0000789019,MSFT,7372,98052,14,USA,193694,121697,20614,20614,6069,6100,3122,1476,1476,,139660,59357,12904,40783,0,0,113240,71997,71997,3122,1910,,8343,18356,20081,3146,0,0,7808,51.17
012141,2016-09-30,MICROSOFT CORP,,2016-10-20,2016.5,2017,594918104,0000789019,MSFT,7372,98052,14,USA,212524,142152,20453,20453,6028,7041,4690,1564,1564,,157909,58810,14536,60154,0,0,136932,70372,70372,4690,1816,,2163,19224,21624,3106,0,0,7784,57.6
012141,2016-12-31,MICROSOFT CORP,,2017-01-26,2016.75,2017.25,594918104,0000789019,MSFT,7372,98052,14,USA,224610,155801,24090,24090,7735,8343,5200,1133,1133,,144949,70787,25664,59306,0,0,122781,68809,68809,5200,2166,,4151,21379,24575,3062,0,0,7730,62.14
012141,2017-03-31,MICROSOFT CORP,,2017-04-27,2017,2017.5,594918104,0000789019,MSFT,7372,98052,14,USA,225017,155288,22090,22090,5607,8047,4801,465,465,,146313,52005,7786,76222,0,0,126018,69729,69729,4801,2453,,5846,21962,26596,3355,0,0,7723,65.86
012141,2017-06-30,MICROSOFT CORP,,2017-07-20,2017.25,2017.75,594918104,0000789019,MSFT,7372,98052,14,USA,241086,168692,23317,23317,6113,7979,6513,531,531,,159851,64527,10121,76073,0,0,132981,72394,72394,6513,2343,,8129,23734,27561,3514,0,0,7708,68.93
170617,2010-03-31,FACEBOOK INC,2012-05-18,,2010,2010,30303M102,0001326801,FB,7370,94025,14,USA,,,345,345,100,,95,,,,,,,,,,,,,95,,,,,,25,,,,
170617,2010-06-30,FACEBOOK INC,2012-05-18,,2010.25,2010.25,30303M102,0001326801,FB,7370,94025,14,USA,,,432,432,111,,129,,,,,,,,,,,,,129,,,,,,32,,,,
170617,2010-09-30,FACEBOOK INC,2012-05-18,,2010.5,2010.5,30303M102,0001326801,FB,7370,94025,14,USA,,,467,467,131,,131,,,,,,,,,,,,,131,,,,,,41,,,,
170617,2010-12-31,FACEBOOK INC,2012-05-18,,2010.75,2010.75,30303M102,0001326801,FB,7370,94025,14,USA,2990,828,730,730,151,,251,,,,2246,389,106,367,0,0,1785,2162,1547,251,,,293,574,72,46,0,615,1172,
170617,2011-03-31,FACEBOOK INC,2012-05-18,,2011,2011,30303M102,0001326801,FB,7370,94025,14,USA,,,731,731,116,439,233,,,,,,,,,,,,,233,51,,,,,57,,,,
170617,2011-06-30,FACEBOOK INC,2012-05-18,,2011.25,2011.25,30303M102,0001326801,FB,7370,94025,14,USA,,,895,895,138,479,238,,,,,,,,,,,,,238,72,,,,,99,,,,
170617,2011-09-30,FACEBOOK INC,2012-05-18,,2011.5,2011.5,30303M102,0001326801,FB,7370,94025,14,USA,,,954,954,139,511,227,,,,,,,,,,,,,227,97,,,,,108,,,,
170617,2011-12-31,FACEBOOK INC,2012-05-18,2012-02-01,2011.75,2011.75,30303M102,0001326801,FB,7370,94025,14,USA,6331,1432,1131,1131,144,650,302,,,,4604,899,279,398,0,0,3908,4899,4284,302,103,,606,1475,135,124,0,615,1330,
170617,2012-03-31,FACEBOOK INC,2012-05-18,2012-05-03,2012,2012,30303M102,0001326801,FB,7370,94025,14,USA,6859,1587,1058,1058,167,491,205,,,,4694,1039,302,404,0,0,3910,5272,4657,205,110,,453,1855,144,153,0,615,2138.085,
170617,2012-06-30,FACEBOOK INC,2012-05-18,2012-07-26,2012.25,2012.25,30303M102,0001326801,FB,7370,94025,14,USA,14928,1619,1184,1184,228,-604,-157,,,,11967,1034,312,394,0,0,10188,13309,13309,-157,139,,866,2105,191,705,0,0,2142,31.095
170617,2012-09-30,FACEBOOK INC,2012-05-18,2012-10-23,2012.5,2012.5,30303M102,0001326801,FB,7370,94025,14,USA,16038,1864,1262,1262,147,553,-59,,,,12285,1080,372,530,0,0,10452,14174,14174,-59,176,,1037,2289,254,244,0,0,2166,21.66
170617,2012-12-31,FACEBOOK INC,2012-05-18,2013-01-30,2012.75,2012.75,30303M102,0001326801,FB,7370,94025,14,USA,15103,3348,1585,1585,173,747,64,,,,11267,1052,365,1991,0,0,9626,11755,11755,64,224,,1235,2391,305,297,0,0,2372,26.6197
170617,2013-03-31,FACEBOOK INC,2012-05-18,2013-05-01,2013,2013,30303M102,0001326801,FB,7370,94025,14,USA,15163,3339,1458,1458,172,614,219,,,,11042,1063,338,1920,0,0,9472,11824,11824,219,233,,327,2533,356,293,0,0,2411.048,25.58
170617,2013-06-30,FACEBOOK INC,2012-05-18,2013-07-24,2013.25,2013.25,30303M102,0001326801,FB,7370,94025,14,USA,15724,3375,1813,1813,178,849,333,,,,11421,1080,316,1851,0,0,10252,12349,12349,333,230,,595,2577,444,344,0,0,2430.877,24.88
170617,2013-09-30,FACEBOOK INC,2012-05-18,2013-10-30,2013.5,2013.5,30303M102,0001326801,FB,7370,94025,14,USA,14933,1885,2015,2015,189,1054,425,,,,10549,984,288,287,0,0,9328,13048,13048,425,274,,879,2685,614,369,0,0,2453,50.23
170617,2013-12-31,FACEBOOK INC,2012-05-18,2014-01-29,2013.75,2013.75,30303M102,0001326801,FB,7370,94025,14,USA,17895,2425,2586,2586,208,1415,523,,,,13070,1100,239,237,0,0,11449,15470,15470,523,274,,1362,2882,1088,409,0,0,2547,54.649
170617,2014-03-31,FACEBOOK INC,2012-05-18,2014-04-23,2014,2014,30303M102,0001326801,FB,7370,94025,14,USA,19028,2291,2502,2502,216,1321,642,,,,14060,1037,201,191,0,0,12629,16737,16737,642,264,,363,3074,1063,455,0,0,2564,60.24
170617,2014-06-30,FACEBOOK INC,2012-05-18,2014-07-23,2014.25,2014.25,30303M102,0001326801,FB,7370,94025,14,USA,20769,2423,2910,2910,228,1635,791,,,,15557,1214,173,153,0,0,13956,18346,18346,791,257,,832,3334,1056,492,0,0,2575,67.29
170617,2014-09-30,FACEBOOK INC,2012-05-18,2014-10-28,2014.5,2014.5,30303M102,0001326801,FB,7370,94025,14,USA,24188,2950,3203,3203,281,1704,806,,,,16115,1234,149,129,0,0,14250,21238,21238,806,289,,1314,3703,1587,608,0,0,2608,79.04
170617,2014-12-31,FACEBOOK INC,2012-05-18,2015-01-28,2014.75,2014.75,30303M102,0001326801,FB,7370,94025,14,USA,40184,4088,3851,3851,219,1565,701,987,987,,13670,1424,114,119,0,0,11199,36096,36096,701,433,,1831,3967,1558,1111,0,0,2797,78.02
170617,2015-03-31,FACEBOOK INC,2012-05-18,2015-04-22,2015,2015,30303M102,0001326801,FB,7370,94025,14,USA,42007,4506,3543,3543,197,1401,512,,,,15004,1746,73,113,0,0,12413,37501,37501,512,457,,502,4619,2647,1062,0,0,2806,82.215
170617,2015-06-30,FACEBOOK INC,2012-05-18,2015-07-29,2015.25,2015.25,30303M102,0001326801,FB,7370,94025,14,USA,44130,4678,4043,4043,210,1743,719,,,,16951,1881,39,110,0,0,14125,39452,39452,719,459,,1051,4955,2687,1169,0,0,2814,85.765
170617,2015-09-30,FACEBOOK INC,2012-05-18,2015-11-04,2015.5,2015.5,30303M102,0001326801,FB,7370,94025,14,USA,46469,5049,4501,4501,234,1957,896,,,,19139,1792,17,109,0,0,15834,41420,41420,896,486,,1831,5335,3148,1271,0,0,2826,89.9
170617,2015-12-31,FACEBOOK INC,2012-05-18,2016-01-27,2015.75,2015.75,30303M102,0001326801,FB,7370,94025,14,USA,49407,5189,5841,5841,281,3138,1561,163,163,,21652,1925,208,107,0,0,18434,44218,44218,1561,543,,2523,5687,2994,1314,0,0,2845,104.66
170617,2016-03-31,FACEBOOK INC,2012-05-18,2016-04-27,2016,2016,30303M102,0001326801,FB,7370,94025,14,USA,52075,4925,5382,5382,286,2586,1737,,,,23812,1809,0,0,0,0,20621,47150,47150,1737,552,,1132,6467,3116,1343,0,0,2860,114.1
170617,2016-06-30,FACEBOOK INC,2012-05-18,2016-07-27,2016.25,2016.25,30303M102,0001326801,FB,7370,94025,14,USA,55739,5356,6436,6436,332,3361,2284,,,,27010,2211,0,0,0,0,23293,50383,50383,2284,585,,2127,7104,3145,1471,0,0,2870,114.28
170617,2016-09-30,FACEBOOK INC,2012-05-18,2016-11-02,2016.5,2016.5,30303M102,0001326801,FB,7370,94025,14,USA,59674,5559,7011,7011,395,3728,2628,,,,30328,2595,0,0,0,0,26140,54115,54115,2628,591,,3222,7899,2964,1542,0,0,2839,128.27
170617,2016-12-31,FACEBOOK INC,2012-05-18,2017-02-01,2016.75,2016.75,30303M102,0001326801,FB,7370,94025,14,USA,64961,5767,8809,8809,434,5160,3568,,,,34401,2875,0,0,0,0,29449,59194,59194,3568,614,,4491,8591,2892,1563,0,0,2892,115.05
170617,2017-03-31,FACEBOOK INC,2012-05-18,2017-05-03,2017,2017,30303M102,0001326801,FB,7370,94025,14,USA,68714,6526,8032,8032,488,4082,3064,,,,36930,2928,0,0,0,0,32306,62188,62188,3064,671,,1271,9462,3598,1834,0,0,2898,142.05
170617,2017-06-30,FACEBOOK INC,2012-05-18,2017-07-26,2017.25,2017.25,30303M102,0001326801,FB,7370,94025,14,USA,73843,7362,9321,9321,507,5152,3895,,,,40804,3315,0,0,0,0,35452,66481,66481,3895,729,,2715,10628,4047,1919,0,0,2903,150.98
