,Mkt-RF,SMB,HML,WML
192701,-0.06,-0.56,4.83,0.44
192702,4.18,-0.1,3.17,-1.32
192703,0.13,-1.6,-2.67,3.59
192704,0.46,0.43,0.6,4.17
192705,5.44,1.41,4.93,2.96
192706,-2.34,0.47,-1.53,0.53
192707,7.26,-3.23,-1.16,4.29
192708,1.97,-0.72,-3.69,1.14
192709,4.76,-3.57,-0.71,1.89
192710,-4.31,2.13,-4.33,-1.08
192711,6.58,2.76,-0.31,-0.67
192712,2.09,0.93,-1.06,3.15
192801,-0.68,4.25,-0.72,-0.6
192802,-1.7,-2.03,-0.69,-1.09
192803,8.81,-0.26,-1.2,4.87
192804,4.23,3.82,3.67,-5.65
192805,1.52,2.98,-3.46,2.85
192806,-4.85,-3.5,-0.06,2.05
192807,0.62,-1.35,-0.47,2.82
192808,6.68,-2.07,-2.11,3.69
192809,2.88,2.33,0.99,3.64
192810,1.33,2.27,-2.26,5.05
192811,11.81,-1.81,2.8,2.12
192812,0.36,-0.85,-0.6,1.78
192901,4.66,-3.54,-1.21,2.43
192902,-0.34,-0.39,1.68,3.08
192903,-0.89,-4.74,1.61,-0.7
192904,1.43,-1,0.6,1.89
192905,-6.39,-5.35,-1.4,-2.04
192906,9.7,-2.17,-2.76,8.79
192907,4.46,-3.88,2.66,2.95
192908,8.18,-9.52,0.06,4.67
192909,-5.47,1.17,-0.63,3.04
192910,-20.12,-4.08,7.85,4.09
192911,-12.74,-1.9,5.33,-2.02
192912,1.33,-4.33,-0.59,5.15
193001,5.61,3.54,-1.01,-5.04
193002,2.5,0.13,0.39,0.62
193003,7.1,3.43,0.15,-4.27
193004,-2.06,-0.2,-0.84,3.98
193005,-1.66,-2.04,-0.63,-0.01
193006,-16.27,-3.24,2,6.61
193007,4.12,-0.37,-1.56,-2.11
193008,0.3,-2.22,-0.78,3.92
193009,-12.75,-2.22,-5.27,11.51
193010,-8.78,-0.1,-1.35,6.89
193011,-3.04,2.21,-3.53,-1.18
193012,-7.83,-4.67,-5.4,13.27
193101,6.24,3.77,7.16,-10.82
193102,10.88,3.38,1.61,-14.37
193103,-6.43,3.07,-3.66,9.46
193104,-9.98,-4.62,-3.94,11.59
193105,-13.24,5.17,-6.58,9.1
193106,13.9,-5.38,11.31,-17.81
193107,-6.62,1.43,-2.1,8.08
193108,0.41,-1.97,-1.49,-3.52
193109,-29.13,0.56,-6.75,10.23
193110,8.04,-1.87,1.7,3.2
193111,-9.08,4.3,-5.05,7.69
193112,-13.53,-0.56,-8.86,14.22
193201,-1.58,3.94,9.04,-10.37
193202,5.46,-2.77,-1.45,1.62
193203,-11.21,2.27,-2.32,10.33
193204,-17.96,1.44,1.42,6.95
193205,-20.51,3.91,-2.99,12.2
193206,-0.7,0.34,5.3,2.1
193207,33.84,-4.44,35.46,-43.94
193208,37.06,14.29,33.03,-52.27
193209,-2.94,-2.44,-6.82,2.44
193210,-13.17,-2.76,-10.05,4.29
193211,-5.88,2.08,-13.28,-2.07
193212,4.4,-8.27,-8.17,5.26
193301,1.25,0.69,6.23,-1.5
193302,-15.24,-2.75,-2.73,4.17
193303,3.29,3.9,7.38,2.21
193304,38.85,4.56,17.43,-15.95
193305,21.43,36.7,19.03,-3.91
193306,13.11,8.56,-2.05,3.38
193307,-9.63,-1.01,3.27,0.39
193308,12.05,-5.45,2.96,7.55
193309,-10.65,-0.32,-11.77,1.65
193310,-8.36,-0.08,-8.46,-2.4
193311,9.97,-6.48,2.33,6.43
193312,1.83,0.66,-1.53,4.06
193401,12.6,12.53,15.54,-3.37
193402,-2.5,5.19,2.12,-0.35
193403,0.09,2.51,-2.73,-0.69
193404,-1.79,2.8,-3.75,-5.12
193405,-7.25,-0.26,-5.91,-2.7
193406,2.64,-2.14,-2.92,-0.9
193407,-10.96,-6.92,-10.64,8.63
193408,5.58,5.39,0.45,2.41
193409,-0.23,-1.5,-1.22,0.03
193410,-1.66,1.25,-5.11,7.04
193411,8.33,6.5,-2.24,4.14
193412,0.36,3.06,-3.2,4.66
193501,-3.45,1.1,-1.86,3.61
193502,-1.94,0.41,-7.27,13.85
193503,-3.68,-3.57,-5.1,2.86
193504,9.06,-1.51,4.35,-4.72
193505,3.47,-3.38,2.56,-3.62
193506,5.93,-2.51,-1.65,2.06
193507,7.51,1.47,6.86,-4.21
193508,2.65,6.28,5.7,-7.69
193509,2.63,1.57,-4.05,8.93
193510,7.03,2.64,-2.33,2.09
193511,4.88,4.28,11.91,-5.91
193512,4.56,0.23,1.07,3.75
193601,6.89,5.14,10.51,-3.36
193602,2.49,1.14,5.04,2.51
193603,0.99,0.65,-1.66,1.79
193604,-8.14,-6.04,-2.08,-7.88
193605,5.19,0.83,2.63,2.44
193606,2.4,-3.26,-1.2,0.46
193607,6.67,1.14,2.56,3
193608,0.99,0.72,3.99,0.56
193609,0.98,3.07,0.88,1.26
193610,7.12,-2.39,2.52,1.04
193611,3.27,9.01,-0.92,2.18
193612,0.21,3.61,3.96,2.11
193701,3.35,4.31,2.61,-1.85
193702,1.09,1.23,5.05,2.98
193703,-0.27,-1.78,6.39,2.81
193704,-7.36,-3.77,-3.61,-3.71
193705,-0.83,-0.66,-3.49,0.51
193706,-4.21,-3.65,-3.21,0.68
193707,8.91,0.85,0.82,-0.4
193708,-4.86,0.42,-2.25,-1.79
193709,-13.61,-6.89,-4.57,-7.14
193710,-9.61,0.45,-1.62,-1.56
193711,-8.31,-3.65,0.2,-0.97
193712,-4.24,-7.76,-0.39,4.7
193801,0.49,4.97,-1.6,-1.44
193802,5.84,0.35,-2.02,-3.08
193803,-23.82,-4.24,-3.52,15.75
193804,14.51,6.37,0.18,-8.88
193805,-3.83,-2.47,-0.28,7.13
193806,23.87,4.05,0.3,-24.86
193807,7.34,6.66,2.18,-6.44
193808,-2.67,-2.44,-4.72,3.95
193809,0.81,-2.72,-1.62,2.53
193810,7.8,5.83,5.01,-7.7
193811,-1.72,-2.56,-1.23,3.13
193812,4.19,-1.8,0.5,2.05
193901,-5.96,-1.56,-3.92,-3.05
193902,3.51,0.63,2.95,3.25
193903,-11.99,-4.76,-8.29,-1.48
193904,-0.18,1.66,-0.3,2.7
193905,6.8,2.81,0.47,3.56
193906,-5.31,-1.02,-5.41,1.96
193907,10.24,4.32,-0.03,-0.58
193908,-6.68,-4.61,-2.42,5.84
193909,16.88,20.23,22.22,-30.35
193910,-0.53,-0.01,-4.89,6.46
193911,-3.62,-5.07,-6.46,-0.22
193912,3.03,0.79,-4.06,5.4
194001,-2.41,0.24,-0.77,1.74
194002,1.44,2.51,-0.32,1.81
194003,2.05,1.25,-1.27,-0.36
194004,0.22,3.92,-0.13,3.33
194005,-21.95,-6.66,-3.69,2.86
194006,6.67,-2.13,4.63,-2.14
194007,3.16,1.01,-0.74,0.85
194008,2.19,-0.11,0.56,-1.61
194009,2.39,3.22,-1.13,-0.26
194010,3.02,0.28,4.64,-6.53
194011,-1.61,1.94,0.12,1.33
194012,0.69,-2.15,-0.89,3.46
194101,-4.17,1,3.83,-4.72
194102,-1.43,-1.57,0.89,0.91
194103,0.84,0.1,3.04,2.43
194104,-5.46,-1.69,3.41,3.03
194105,1.39,-0.66,0.6,2.46
194106,5.83,1.32,0.59,-0.64
194107,5.87,5.7,7.25,-1.75
194108,-0.17,-0.41,-1.1,0.17
194109,-0.87,-0.99,-0.28,-1.57
194110,-5.25,-2.02,1.63,4.74
194111,-1.92,-1.21,-0.64,4.04
194112,-4.87,-2.98,-5.94,0.28
194201,0.79,7.52,10.1,-3.58
194202,-2.46,1.72,-1.13,-0.71
194203,-6.58,1.78,-0.62,-0.21
194204,-4.37,-0.6,2.09,-0.79
194205,5.94,-3.05,-2.65,-4.71
194206,2.69,-1.22,0.54,-1.32
194207,3.51,-0.16,2.4,0.77
194208,1.8,-0.09,1.33,-0.13
194209,2.61,0.66,2.39,-0.64
194210,6.82,1.82,6.47,-4.01
194211,0.15,-1.54,-4.24,-0.97
194212,5.12,-2.49,0.56,3.06
194301,7.13,8.78,8.23,-0.36
194302,6.15,4.84,6.51,-1.46
194303,6.01,5.03,5.48,4.74
194304,0.81,2.06,5.86,6.18
194305,5.74,4.41,3.28,5.61
194306,1.82,-1.06,-0.74,-1.3
194307,-4.77,-2.41,-2.27,-4.59
194308,1.3,-0.62,-0.47,0.71
194309,2.4,1.28,1.43,1.78
194310,-1.15,0.58,1.65,-0.53
194311,-5.91,-1.64,-4.04,-4.72
194312,6.36,3.34,3.22,5.99
194401,1.74,2.56,2.17,0.97
194402,0.37,-0.1,0.83,0.34
194403,2.46,1.71,3.43,2.61
194404,-1.69,-1.35,-1.13,0.52
194405,5.07,1.67,1.02,2.07
194406,5.49,4.04,1.82,-5.22
194407,-1.49,0.55,-0.43,0.19
194408,1.57,2.41,-1.63,4.68
194409,0.01,0.47,-1.21,-1.08
194410,0.16,-0.14,-0.34,-1.24
194411,1.71,0.37,2.31,1.28
194412,4.03,2.24,5.91,3.36
194501,2.01,2.44,0.71,0.04
194502,6.23,1.56,4.4,3.03
194503,-3.89,-1.61,-1.78,-3.28
194504,7.8,0.32,3.21,4.79
194505,1.73,1.51,0.35,0.11
194506,0.39,3.1,4.32,4.11
194507,-2.17,-1.46,-2.71,-2.62
194508,6.2,1.61,-4.4,-1.4
194509,4.77,1.71,0.48,1.4
194510,3.89,2.46,2.25,0.25
194511,5.39,4.16,4.34,4.25
194512,1.2,2.12,-2.32,1.23
194601,6.24,4.02,2.21,3.76
194602,-5.83,-0.73,-1.27,-1.45
194603,5.87,0.31,-0.36,2.69
194604,4.23,2.37,0.45,3.03
194605,3.93,1.46,1.09,-0.61
194606,-3.89,-1.53,-0.59,-2.52
194607,-2.69,-2.06,0.04,-0.1
194608,-6.44,-1.78,0.6,-0.03
194609,-10.17,-4.41,-1.96,0.74
194610,-1.44,0.09,3.44,0.97
194611,-0.01,-0.4,1.52,0.2
194612,4.96,0.06,-1.38,-0.1
194701,1.25,2.18,-0.73,-6.44
194702,-1.08,0.68,0.14,-0.49
194703,-1.67,-1.61,0.61,4.06
194704,-4.8,-3.97,0.85,5.05
194705,-0.97,-3.26,0.34,3.33
194706,5.29,-0.31,-0.6,-1.85
194707,4.14,1.43,2.82,-3.42
194708,-1.74,0.3,0.16,3.38
194709,-0.54,1.64,1.36,-0.02
194710,2.47,0.51,0.08,1.34
194711,-1.97,-1.74,1.06,4.23
194712,3,-2.48,3.69,3.6
194801,-3.93,2.49,1.38,-4.29
194802,-4.38,-1.71,0.07,1.47
194803,8.07,0.13,4.49,-0.19
194804,3.65,-1.66,4.1,4.06
194805,7.3,0.93,-1.23,2.38
194806,-0.1,-1.86,2.75,3.99
194807,-5.09,-0.32,0.07,-1.58
194808,0.25,-1.1,0.27,0.23
194809,-2.97,-1.23,-1.79,-1.26
194810,5.96,-1.5,0.56,2.79
194811,-9.3,-0.62,-4.14,0.6
194812,3.26,-2.8,-1.94,4.66
194901,0.23,1.81,1.17,-2.92
194902,-2.93,-1.89,-0.91,-0.41
194903,4.04,2.48,1.34,-0.87
194904,-1.87,-0.89,-1.18,3.06
194905,-2.94,-0.77,-2.42,3.04
194906,0.1,-0.88,-1.76,-1.28
194907,5.54,0.57,0.38,-1.54
194908,2.6,0.13,-0.57,1.7
194909,3.09,1.05,0.23,-1.42
194910,3.14,1.03,-0.49,0
194911,1.82,-0.93,-0.91,1.27
194912,5.13,2.07,1.75,-0.78
195001,1.7,3.36,0.14,-2.32
195002,1.48,0.04,-0.81,1.36
195003,1.26,-1.41,-2.77,1.54
195004,3.94,1.99,1.34,0.33
195005,4.31,-2.12,0.46,0.38
195006,-5.94,-2.38,-0.78,-1.66
195007,1.36,0.51,13.66,-0.47
195008,4.85,0.73,-1.41,3.21
195009,4.81,0.57,-1.11,-0.13
195010,-0.18,-0.58,1.44,1.42
195011,2.76,-0.84,3.17,3.59
195012,5.54,1.49,7.23,4.97
195101,5.7,1.73,3.72,2
195102,1.41,0.09,-2.83,-1.58
195103,-2.15,-0.64,-4.22,-2.95
195104,4.86,-1.49,3.28,6.02
195105,-2.34,-0.01,-1.33,-0.93
195106,-2.62,-1.95,-3.96,-2.39
195107,6.94,-1.99,2.01,7.24
195108,4.27,0.99,-0.16,1
195109,0.7,1.9,0.59,0.56
195110,-2.53,-0.23,0.25,-0.31
195111,0.57,-0.29,-0.06,0.63
195112,3.33,-2.25,-1.55,1.7
195201,1.45,-0.61,1.54,1.37
195202,-2.62,0.79,-0.6,-0.75
195203,4.44,-2.99,2.16,1.65
195204,-4.97,0.48,-0.1,-2.04
195205,3.2,-1.01,0.07,0.49
195206,3.83,-1.61,1.23,1.5
195207,0.91,-0.4,-0.33,-0.52
195208,-0.76,1.15,0.07,0.31
195209,-2.03,1.12,-1.44,1.76
195210,-0.66,-1.02,-0.54,2.75
195211,5.94,-0.72,0.99,0.44
195212,2.93,-1.48,0.2,1.51
195301,-0.34,3.55,1.34,0.72
195302,-0.27,2.16,-0.09,0.86
195303,-1.43,-0.18,-0.84,0.08
195304,-2.83,0.27,1.54,1.85
195305,0.52,-0.07,0.24,0.94
195306,-1.89,-1.85,-0.51,-0.01
195307,2.4,-1.05,-0.23,-0.31
195308,-4.52,0.36,-3.54,2.21
195309,0.2,-0.85,-2.42,2.88
195310,4.6,-1.37,-0.2,0.27
195311,2.83,-1.3,-0.16,1.95
195312,0.03,-0.85,-2.82,5.19
195401,5.13,0.47,3.49,-5.74
195402,1.67,-0.17,-0.29,1.03
195403,3.65,-0.49,-1.45,2.2
195404,4.27,-3.48,-0.37,4.98
195405,3.09,0.39,2.46,-1.99
195406,1.07,0.4,-0.01,3.52
195407,4.99,1.05,4.16,0.44
195408,-2.34,2.68,-1.39,-0.64
195409,6.39,-2.55,0.69,1.54
195410,-1.67,0.6,0.68,0.96
195411,9.38,-2.64,4.39,1.93
195412,5.48,2.17,5.65,-1.41
195501,0.6,0.27,2.14,1.36
195502,3.02,1.56,0.59,1.09
195503,-0.16,-0.67,1.97,1.03
195504,3.11,-1.72,0.68,0.09
195505,0.93,-0.24,-0.96,0.56
195506,6.55,-4.61,1.84,4.66
195507,1.9,-1.16,0.34,-1.23
195508,0.21,-0.44,0.72,1.79
195509,-0.36,0.28,-0.99,1.77
195510,-2.68,1.51,-0.16,-0.5
195511,7.03,-2.2,0.32,2.67
195512,1.49,2.12,-2.29,-1.33
195601,-3.03,0.4,0.94,-1.48
195602,3.77,-0.98,-0.43,1.97
195603,6.64,-2.14,-0.5,3.59
195604,0.28,0.04,-0.25,2.57
195605,-5.2,1.46,-1.31,-1.62
195606,3.48,-1.48,-1.13,2.71
195607,4.84,-1.67,-0.05,2.52
195608,-3.18,1.9,-0.72,-0.69
195609,-5.14,1.57,1.77,-0.76
195610,0.52,-0.09,-0.06,2.46
195611,0.36,-0.22,1.77,3.41
195612,3.16,-0.02,-2.16,3.81
195701,-3.58,3.37,2.82,-3.05
195702,-2.06,-0.72,-0.72,0.31
195703,2.13,0.27,-0.46,-0.18
195704,4.26,-1.61,-1.47,0.96
195705,3.45,-1.05,-2.1,0.44
195706,-0.74,0.55,0.03,0.77
195707,0.66,-0.77,0.42,-0.07
195708,-5.11,0.05,-0.42,0.49
195709,-5.98,0.06,0.91,0.62
195710,-4.32,-2.53,-1.83,1.94
195711,2.3,0.37,-2.89,1.24
195712,-3.91,-0.98,-1.61,7.79
195801,4.66,4.38,4.19,-7.63
195802,-1.52,0.68,0.37,3.75
195803,3.27,0.65,-0.96,-1.85
195804,3.09,-0.65,1.64,1.85
195805,2.31,2.19,-0.25,-1.82
195806,2.93,-0.19,0.4,-0.87
195807,4.39,0.52,3.04,-3.62
195808,1.91,1.17,0.36,0.28
195809,4.66,0.13,2.85,-1.13
195810,2.53,1.11,-1.18,3.12
195811,3.01,2,-1.19,1.57
195812,5.15,-2.04,-0.01,-0.65
195901,0.71,3.01,2.96,-0.24
195902,0.95,1.51,1.1,3.4
195903,0.28,1.5,-0.38,0.13
195904,3.66,-0.55,-1.33,3.15
195905,1.73,-2.1,1.7,1.5
195906,-0.25,0.65,1.35,2.91
195907,3.17,-0.3,0.23,-0.32
195908,-1.39,-0.76,0.45,-0.95
195909,-4.8,-0.09,0.55,0.85
195910,1.28,1.45,-2.1,3.48
195911,1.6,1.24,-3.22,2.26
195912,2.45,-0.58,-0.07,0.99
196001,-6.98,2.08,2.79,-3.49
196002,1.17,0.51,-1.93,3.86
196003,-1.63,-0.49,-2.94,1.43
196004,-1.71,0.32,-2.29,2.81
196005,3.12,1.22,-3.7,4.81
196006,2.08,-0.22,-0.34,0.86
196007,-2.37,-0.52,2.03,-0.78
196008,3.01,0.87,-0.18,1.92
196009,-5.99,-1.11,1.65,0.31
196010,-0.71,-4.07,2.86,1.25
196011,4.69,0.37,-2.37,3.74
196012,4.71,-1.57,-0.76,1.39
196101,6.2,0.66,3.66,-3.99
196102,3.57,3.92,-0.64,0.98
196103,2.89,3.28,-0.7,4.51
196104,0.29,0.05,2.15,3.52
196105,2.4,2.02,0.37,-1.56
196106,-3.08,-2.49,-0.11,0.37
196107,2.83,-1.88,-0.09,0.24
196108,2.57,-1.75,-0.28,1.65
196109,-2.15,-1.06,-0.61,0.83
196110,2.57,-1.63,0.15,3.13
196111,4.45,1.26,-1.23,1.34
196112,-0.18,-0.82,1.79,-2.24
196201,-3.87,1.77,5.13,-2.07
196202,1.81,-1.15,0.82,-1.02
196203,-0.68,0.53,-1.38,1.83
196204,-6.59,-0.71,0.03,2.89
196205,-8.65,-3.34,2.77,0.38
196206,-8.47,-0.58,2.55,6.45
196207,6.28,1.51,-3.4,0.55
196208,2.13,1.22,-1.17,-0.58
196209,-5.22,-2.45,1.26,3.95
196210,-0.05,-3.97,1.3,0.75
196211,10.87,2.63,0.96,-7.17
196212,1.01,-3.81,0.35,5.88
196301,4.93,3.07,2.22,-2.1
196302,-2.38,0.5,2.17,2.52
196303,3.08,-2.6,2.07,1.56
196304,4.51,-1.31,0.99,-0.08
196305,1.76,1.12,2.53,0.37
196306,-2,-0.29,0.75,1.17
196307,-0.39,-0.49,-0.94,1
196308,5.07,-1.02,1.82,1.03
196309,-1.57,-0.31,0.17,0.16
196310,2.53,-0.57,-0.04,3.14
196311,-0.85,-1.15,1.7,-0.75
196312,1.83,-2.01,-0.06,1.7
196401,2.24,-0.18,1.53,1.06
196402,1.54,0.08,2.86,0.24
196403,1.41,0.94,3.37,0.71
196404,0.1,-1.32,-0.66,-0.6
196405,1.42,-0.94,1.99,2.54
196406,1.27,-0.27,0.72,0.45
196407,1.74,0.26,0.73,-0.38
196408,-1.44,0.11,0.07,-0.19
196409,2.69,-0.53,1.72,-0.39
196410,0.59,0.42,1.15,0.08
196411,0,0.6,-1.95,1.08
196412,0.03,-0.26,-2.52,-0.69
196501,3.54,2.72,0.16,-1.28
196502,0.44,3.5,0.16,0.3
196503,-1.34,1.81,1.05,0.1
196504,3.11,1.2,0.68,2.54
196505,-0.77,0.06,-1.63,0.54
196506,-5.51,-4.36,0.56,-3.12
196507,1.43,0.87,2.18,4.1
196508,2.73,2.81,-0.96,2.58
196509,2.86,0.62,-0.09,3.37
196510,2.6,2.47,1.54,3.45
196511,-0.03,4.68,0.21,4.42
196512,1.01,2.08,1.96,0.09
196601,0.72,3.88,3.51,5.41
196602,-1.21,4.54,0.27,4.58
196603,-2.51,0.94,-2.07,1.34
196604,2.14,3.45,-0.54,6.18
196605,-5.66,-4.68,-1.57,-4.69
196606,-1.44,1.02,0.5,3.28
196607,-1.63,-0.46,0.99,-1.39
196608,-7.91,-3.22,0.44,-2.11
196609,-1.06,-1.06,0.49,-1.73
196610,3.86,-6.62,2.86,-5.13
196611,1.4,4.23,-4.53,5.73
196612,0.13,1.95,-1.28,1.07
196701,8.15,8.25,2.45,-6.75
196702,0.78,3.31,-2.15,3.56
196703,3.99,1.54,0.46,1.42
196704,3.89,0.63,-2.52,0.64
196705,-4.33,1.95,0.99,0.67
196706,2.41,5.95,0.95,6.03
196707,4.58,3.02,2.8,-1.07
196708,-0.89,0.47,1.39,-1.41
196709,3.11,3.11,-2.48,2.55
196710,-3.09,1.42,-3.38,3.67
196711,0.37,0.21,-1.7,1.29
196712,3.05,5.74,-0.45,3.23
196801,-4.06,3.88,4.79,-4.64
196802,-3.75,-2.96,1.18,-3.41
196803,0.2,-1.28,-0.62,3.18
196804,9.05,5.77,-1.14,5.15
196805,2.28,6.42,0.86,3.73
196806,0.69,-0.18,0.68,-1.92
196807,-2.72,-1.3,5.41,-0.84
196808,1.34,2.35,1.01,1.88
196809,4.03,2.76,0.33,-0.67
196810,0.42,-0.48,2.85,-1.52
196811,5.43,2.35,-0.9,1.73
196812,-3.94,3.43,0,0.11
196901,-1.25,-0.77,1.66,-0.15
196902,-5.84,-3.9,0.86,-2.46
196903,2.64,-0.26,-0.52,3.95
196904,1.46,-0.87,-0.03,1.17
196905,-0.1,-0.26,0.71,1.68
196906,-7.18,-5.39,-1.1,-2.23
196907,-7,-3.2,1.22,1.64
196908,4.68,0.93,-3.83,2.14
196909,-2.98,1.18,-3.27,2.53
196910,5.06,3.84,-3.04,-4.32
196911,-3.79,-2.54,-1.15,3.6
196912,-2.63,-3.65,-3,5.05
197001,-8.1,2.91,3.15,0.63
197002,5.13,-2.41,4.02,0.12
197003,-1.06,-2.32,4.09,-0.29
197004,-11,-6.09,6.21,-0.73
197005,-6.92,-4.54,3.43,-2.73
197006,-5.79,-2.14,0.6,5.78
197007,6.93,-0.55,1.01,-2.94
197008,4.49,1.53,1.02,-6.5
197009,4.18,8.56,-5.63,-8.92
197010,-2.28,-4.28,0.25,9.61
197011,4.6,-4.07,1.67,2.89
197012,5.72,3,0.86,-2.19
197101,4.84,7.37,1.33,-6.71
197102,1.41,1.86,-1.22,0.81
197103,4.13,2.5,-4.06,-1.21
197104,3.15,-0.5,0.71,1.32
197105,-3.98,-1.11,-1.48,0.89
197106,-0.1,-1.43,-1.82,2.72
197107,-4.5,-1.5,0.17,-2.37
197108,3.79,-0.18,2.56,3.51
197109,-0.85,0.43,-2.89,2.09
197110,-4.42,-1.8,-0.37,0.46
197111,-0.46,-2.8,-1.73,1.48
197112,8.71,3.29,-0.41,-0.68
197201,2.49,6.07,1.93,0.24
197202,2.87,1.4,-2.8,2.7
197203,0.63,-0.3,-1.68,2.91
197204,0.29,0.01,0.24,2.9
197205,1.25,-2.74,-2.73,3.18
197206,-2.43,0.34,-2.6,1.91
197207,-0.8,-2.86,0.71,2.74
197208,3.26,-4.07,4.64,-5.35
197209,-1.14,-2.67,0.51,1.76
197210,0.52,-2.72,1.3,0.76
197211,4.6,-1.12,4.82,-5.14
197212,0.62,-1.87,-2.24,4.98
197301,-3.29,-3.47,2.67,3.71
197302,-4.85,-3.99,1.71,2.12
197303,-1.3,-2.81,2.73,3.62
197304,-5.68,-3.96,5.62,6.41
197305,-2.94,-6.13,0.25,7.09
197306,-1.56,-2.93,1.37,4.32
197307,5.05,7.97,-5.32,-11.69
197308,-3.82,-2.12,1.32,3.42
197309,4.75,3.07,2.01,-7.03
197310,-0.83,-0.4,2.03,6.74
197311,-12.75,-7.65,3.91,8.63
197312,0.61,-5.25,3.9,10.39
197401,-0.17,9.66,5.99,-8.82
197402,-0.47,-0.13,2.86,0.14
197403,-2.81,2.59,-0.28,-0.99
197404,-5.29,-0.71,0.95,2
197405,-4.68,-3.03,-2.08,-0.26
197406,-2.83,-0.16,0.78,2.37
197407,-8.05,0.92,5.14,3.01
197408,-9.35,-0.68,2.5,3
197409,-11.77,0.27,5.49,4.32
197410,16.1,-3.51,-9.99,-0.5
197411,-4.51,-1.17,-0.16,2.18
197412,-3.45,-4.84,0,2.95
197501,13.66,11.01,8.44,-13.89
197502,5.56,0.16,-4.56,-0.55
197503,2.66,3.75,2.49,-1.99
197504,4.23,-0.54,-1.11,1.34
197505,5.19,3.83,-4.02,-0.47
197506,4.83,0.76,1.32,0.06
197507,-6.59,2.69,1.7,0.42
197508,-2.85,-3.2,-0.95,-0.13
197509,-4.26,-0.12,0.34,0.32
197510,5.31,-4.04,0.34,-0.14
197511,2.64,-1.19,1.96,-0.45
197512,-1.6,-0.75,1.74,-0.12
197601,12.16,4.82,8.65,4.46
197602,0.32,7.03,5.85,0.36
197603,2.32,-1.15,-0.08,0.19
197604,-1.49,-0.03,-0.14,0.5
197605,-1.34,-1.25,-1.3,-1.1
197606,4.05,-1.35,0.65,-0.43
197607,-1.07,0.29,1.69,-0.12
197608,-0.56,-2.02,0.81,-0.85
197609,2.07,0,-0.24,0.24
197610,-2.42,0.25,-0.15,-0.48
197611,0.36,2.32,1.51,2.9
197612,5.65,3,2.2,0.77
197701,-4.05,4.77,4.25,3.98
197702,-1.94,1.08,0.52,0.35
197703,-1.37,1,1.06,0.49
197704,0.15,-0.11,3.44,4.22
197705,-1.45,1.17,0.84,2.01
197706,4.71,2.14,-0.68,1.77
197707,-1.69,2.11,-0.6,0.31
197708,-1.75,1.52,-2.76,-1.78
197709,-0.27,1.45,-0.51,2.06
197710,-4.38,1.26,1.73,-0.13
197711,4,3.72,0.29,2.19
197712,0.27,1.35,-0.38,1.56
197801,-6.01,2.21,3.31,-0.72
197802,-1.38,3.59,0.71,1.9
197803,2.85,3.48,1.23,1.37
197804,7.88,0.41,-3.56,0.85
197805,1.76,4.56,-0.59,2.85
197806,-1.69,1.69,0.55,2.78
197807,5.11,0.26,-1.08,4.22
197808,3.75,5.06,-0.57,2.82
197809,-1.43,-0.4,1.87,-3.11
197810,-11.91,-9.88,1.4,-8.39
197811,2.71,3.01,-2.19,5.52
197812,0.88,1.25,-2.17,3.05
197901,4.23,3.66,2.29,-1.24
197902,-3.56,0.45,1.16,-1.06
197903,5.68,3.19,-0.69,2.88
197904,-0.06,2.18,1,0.81
197905,-2.21,0.16,1.3,-0.57
197906,3.85,1.17,1.45,0.82
197907,0.82,1.26,1.75,-1.09
197908,5.53,2.09,-1.52,-0.23
197909,-0.82,-0.25,-0.87,5.34
197910,-8.1,-3.35,-1.81,2.12
197911,5.21,2.76,-3.38,7.96
197912,1.79,4.19,-2.04,4.78
198001,5.51,1.65,1.72,7.51
198002,-1.22,-1.83,0.66,7.88
198003,-12.9,-6.65,-1.02,-9.59
198004,3.97,0.96,1.01,-0.42
198005,5.26,2.16,0.38,-1.11
198006,3.06,1.66,-0.85,1.59
198007,6.49,4.25,-6.29,0.37
198008,1.8,3.91,-2.64,3.19
198009,2.19,0.87,-4.77,5.44
198010,1.06,2.48,-2.77,7.32
198011,9.59,-3.46,-8.36,15.24
198012,-4.52,-0.27,2.73,-6.65
198101,-5.04,3.01,6.83,-7.94
198102,0.57,-0.32,1,-1.39
198103,3.56,3.58,0.69,0.73
198104,-2.11,4.42,2.29,-0.95
198105,0.11,2,-0.47,3.75
198106,-2.36,-0.83,5.1,-5.9
198107,-1.54,-2.18,-0.68,-2.52
198108,-7.04,-1.96,4.84,-1.12
198109,-7.17,-2.66,5.2,1.97
198110,4.92,2.14,-4.22,4.07
198111,3.36,-0.97,1.89,-0.26
198112,-3.65,1.17,0.75,1.32
198201,-3.24,-1.29,3.19,1.73
198202,-5.86,0.48,6.1,5
198203,-1.87,-0.2,3.79,2.93
198204,3.27,1.51,-2.77,-0.41
198205,-3.99,0.47,1.8,2.55
198206,-3.09,-0.4,1.54,5
198207,-3.19,0.82,0.12,4.47
198208,11.14,-4.09,1,-3.52
198209,1.29,2.89,0.33,4.17
198210,11.3,2.35,-3.73,0.03
198211,4.67,4.77,-1.89,5.89
198212,0.55,-0.19,-0.03,0.02
198301,3.6,2.7,-0.81,-1.7
198302,2.59,3.24,0.7,3.83
198303,2.82,1.76,2.05,0.93
198304,6.67,0.52,0.56,1.8
198305,0.52,6.15,-1.42,-1.59
198306,3.07,0.89,-3.93,1.78
198307,-4.07,1.46,5.61,-3.13
198308,-0.5,-4.3,5.56,-5.44
198309,0.91,0.56,1.08,-0.1
198310,-3.44,-3.6,5.07,-4.56
198311,2.16,2.03,-0.64,-0.09
198312,-1.78,-0.29,1.68,0.74
198401,-1.92,-0.43,7.62,-2.49
198402,-4.82,-1.71,3.36,0.19
198403,0.63,0.08,0.51,1.09
198404,-0.51,-1.21,1.27,2.05
198405,-5.97,0.03,0.26,1.52
198406,1.82,-0.32,-2.62,-0.7
198407,-2.74,-2.22,0.48,2.93
198408,10.28,-0.27,-1.82,-5.69
198409,-0.8,0.2,5.32,3.67
198410,-0.84,-1.2,0.51,3.21
198411,-1.76,-0.63,4.08,1.7
198412,1.84,-0.6,-0.2,1.54
198501,7.99,3.29,-5.41,-6.9
198502,1.22,0.76,-0.13,1.82
198503,-0.84,-1.15,4.1,1.68
198504,-0.96,0.14,3.72,3.06
198505,5.09,-2.25,-0.92,4
198506,1.27,0.5,0.5,3.63
198507,-0.74,2.84,-1.68,-3.94
198508,-1.02,-0.33,2.32,1.82
198509,-4.54,-1.59,1.31,1.48
198510,4.02,-1.57,0.78,4.88
198511,6.48,0.22,-2.88,-0.4
198512,3.88,-0.49,-1.52,-0.13
198601,0.65,1.22,0.52,2.96
198602,7.13,-0.62,-0.85,2.78
198603,4.88,-0.52,-0.44,2.45
198604,-1.31,2.85,-2.86,-0.5
198605,4.62,-1.32,-0.14,2.02
198606,1.03,-0.93,1.36,5.16
198607,-6.45,-3.39,4.76,1.8
198608,6.07,-4.2,3.5,-5.01
198609,-8.6,2.26,3.16,-5.86
198610,4.66,-2.48,-1.37,2.69
198611,1.17,-1.92,-0.13,-0.32
198612,-3.27,0.09,0.27,0.4
198701,12.47,-1.83,-3.26,2.1
198702,4.39,3.49,-5.97,-2.17
198703,1.64,0.39,1.62,1.6
198704,-2.11,-1.7,-0.34,0.26
198705,0.11,-0.53,0.22,-0.68
198706,3.94,-2.18,1.01,-0.2
198707,3.85,-0.67,0.67,2.67
198708,3.52,-0.72,-0.92,-0.87
198709,-2.59,0.52,0.27,0.71
198710,-23.24,-8.41,4.2,-7.86
198711,-7.77,2.78,3.13,-1.14
198712,6.81,0.13,-4.45,5.83
198801,4.21,-0.78,4.99,-7.58
198802,4.75,3.35,-1.62,-1.54
198803,-2.27,6.15,0.72,0.63
198804,0.56,0.96,1.7,2.25
198805,-0.29,-2.64,2.33,0.64
198806,4.79,2.17,-1.09,-2.91
198807,-1.25,-0.22,2.2,0.63
198808,-3.31,0.06,2.12,0.33
198809,3.3,-1.26,-0.68,0.23
198810,1.15,-2.9,1.7,1.31
198811,-2.29,-1.73,1.3,0.42
198812,1.49,1.94,-1.54,0.42
198901,6.1,-2.14,0.49,-0.14
198902,-2.25,2.77,0.9,0.94
198903,1.57,0.74,0.47,3.56
198904,4.33,-0.58,-1.42,1.69
198905,3.35,-0.05,-0.9,1.56
198906,-1.35,-1,2.27,0.63
198907,7.2,-4.03,-2.79,5.41
198908,1.44,0.51,0.63,-0.15
198909,-0.76,0.25,-1.25,3.4
198910,-3.67,-3.25,-1.07,1.36
198911,1.03,-1.27,-1.07,2.58
198912,1.16,-2.4,0.21,2.79
199001,-7.85,-1.26,0.78,-3.28
199002,1.11,1.02,0.65,-0.53
199003,1.83,1.55,-3.03,1.64
199004,-3.36,-0.5,-2.47,2.43
199005,8.42,-2.56,-3.89,3.05
199006,-1.09,1.42,-1.99,2.43
199007,-1.9,-3.2,-0.11,5.94
199008,-10.15,-3.57,1.63,1.76
199009,-6.12,-3.68,0.71,5.56
199010,-1.92,-5.55,0.19,6.73
199011,6.35,0.36,-3.21,-5.62
199012,2.46,0.75,-1.72,0.02
199101,4.69,3.76,-1.74,-6.55
199102,7.19,3.96,-0.55,-4.75
199103,2.65,3.92,-1.32,2.76
199104,-0.28,0.49,1.48,-2.4
199105,3.65,-0.35,-0.57,-0.09
199106,-4.94,0.08,1.23,0.46
199107,4.24,-0.93,-1.25,4.34
199108,2.32,1.59,-0.83,1.63
199109,-1.59,1.64,-0.98,1.73
199110,1.29,0.88,-0.47,3.22
199111,-4.19,-0.48,-1.85,1.26
199112,10.84,-2.26,-4.11,8.3
199201,-0.59,8.49,4.61,-2.51
199202,1.09,0.87,6.37,-0.58
199203,-2.66,-1.04,3.61,-0.36
199204,1.07,-6.12,4.27,-2.54
199205,0.3,0.4,1.25,0.13
199206,-2.34,-3.1,3.36,-0.61
199207,3.77,-0.42,-0.37,1.44
199208,-2.38,-0.13,-1.06,-0.51
199209,1.19,0.58,-0.28,1.43
199210,1.02,2.03,-2.01,2.71
199211,4.13,3.69,-1.4,-0.34
199212,1.53,1.63,2.63,4.44
199301,0.93,1.98,5.92,4.83
199302,0.12,-3.47,6.41,3.1
199303,2.3,0.23,1.31,3.74
199304,-3.05,-0.66,2.52,0.33
199305,2.89,1.98,-3.45,0.3
199306,0.31,-0.32,2.72,4.57
199307,-0.34,0.89,2.82,3.25
199308,3.71,0.15,0.13,2.58
199309,-0.12,3.02,-0.25,3.41
199310,1.41,2.04,-2.72,-2.67
199311,-1.89,-1.22,-0.77,-4.71
199312,1.65,1.22,0.36,2.28
199401,2.87,0.4,1.13,0.02
199402,-2.55,2.8,-1.59,-0.29
199403,-4.78,-1.14,1.63,-1.33
199404,0.68,-0.98,1.66,0.41
199405,0.58,-2.13,0.66,-2.15
199406,-3.03,-0.42,1.72,-0.82
199407,2.82,-1.8,0.56,0.19
199408,4.01,1.42,-2.47,1.56
199409,-2.31,3.12,-1.87,1.33
199410,1.34,-2.23,-1.66,1.43
199411,-4.04,0.26,-0.69,-0.2
199412,0.86,0.3,-0.2,3.5
199501,1.8,-3.53,2.54,-1.82
199502,3.63,-0.64,1.12,-0.36
199503,2.19,-0.17,-2.15,0.38
199504,2.11,-0.53,1.71,1.8
199505,2.9,-2.55,2.23,-0.44
199506,2.72,3.14,-2.5,2.9
199507,3.72,2.08,-1.63,2.53
199508,0.55,1.36,2.84,0.09
199509,3.35,-2.29,0.02,2.71
199510,-1.52,-3.82,-0.46,4.11
199511,3.96,-1.2,0.61,-0.65
199512,1.03,0.64,0.33,2.54
199601,2.26,-2.63,0.22,0.57
199602,1.33,1.81,-1.16,0.57
199603,0.73,1.52,0.31,-1.88
199604,2.06,5.24,-4.08,-0.91
199605,2.36,3.08,-0.8,1.55
199606,-1.14,-3.91,2.26,1.01
199607,-5.97,-4.31,5.16,-0.11
199608,2.77,2.44,-0.78,-0.05
199609,5.01,-0.95,-2.76,2.7
199610,0.86,-4.45,4.92,3.91
199611,6.25,-4.07,1.46,-2.23
199612,-1.7,3.08,1.33,0.61
199701,4.98,-1.93,-1.43,1.95
199702,-0.49,-3.29,5.7,-2.05
199703,-5.02,-0.44,3.43,0.96
199704,4.04,-5.74,0.09,4.92
199705,6.74,5.16,-4.08,-5.16
199706,4.1,1.19,1.62,2.62
199707,7.33,-2.7,0.2,3.81
199708,-4.15,7.33,1.12,-2.55
199709,5.35,2.56,0.29,1.45
199710,-3.8,-0.8,2.33,-0.38
199711,2.98,-5.11,1.24,0.29
199712,1.32,-2.66,4.03,3.95
199801,0.15,-1.02,-1.65,0.11
199802,7.04,0.26,-0.78,-1.15
199803,4.76,-1.21,1.54,2.15
199804,0.73,0.03,0.89,0.78
199805,-3.07,-3.4,3.43,1.88
199806,3.18,-3.32,-1.8,7.26
199807,-2.46,-4.94,-1.71,3.68
199808,-16.08,-5.68,3.56,1.88
199809,6.15,0.06,-3.42,-0.71
199810,7.13,-3.11,-2.21,-5.36
199811,6.1,1.21,-3.16,1.16
199812,6.16,-0.54,-4.2,8.99
199901,3.5,0.81,-4.66,3.04
199902,-4.08,-6.08,1.91,-0.16
199903,3.45,-3.76,-2.77,-1.29
199904,4.33,3.98,2.34,-9.06
199905,-2.46,3.33,2.36,-5.28
199906,4.77,3.15,-3.4,4.88
199907,-3.49,2.55,-0.48,1.51
199908,-1.38,-1,-1.72,2.92
199909,-2.79,3.36,-3.42,6.46
199910,6.12,-6.75,-3.16,5.47
199911,3.37,7.17,-6.07,5.62
199912,7.72,7.07,-8.4,13.19
200001,-4.74,5.7,-1.75,1.86
200002,2.45,21.19,-8.94,18.36
200003,5.2,-16.82,7.66,-6.39
200004,-6.4,-6.93,7.41,-8.57
200005,-4.42,-6.33,5.01,-9.08
200006,4.64,12.8,-8.22,16.59
200007,-2.51,-3.16,8.4,-0.11
200008,7.03,-0.65,-1.47,5.7
200009,-5.45,-1.89,7.28,2.2
200010,-2.76,-3.87,5.71,-4.63
200011,-10.72,-3.5,12.53,-2.4
200012,1.19,0.73,7.67,6.7
200101,3.13,6.76,-5.33,-25.05
200102,-10.05,-0.82,12.58,12.51
200103,-7.26,0.17,6.52,8.35
200104,7.94,0.61,-4.8,-7.97
200105,0.72,2.53,3.34,2.12
200106,-1.94,6.25,-1.16,0.34
200107,-2.13,-4.23,5.35,5.47
200108,-6.46,2.48,2.33,5.54
200109,-9.25,-6.25,1.57,11.54
200110,2.46,7.57,-7.66,-8.41
200111,7.54,-0.48,2.16,-8.58
200112,1.61,4.79,0.9,-0.02
200201,-1.44,1.18,3.38,3.68
200202,-2.29,-1.07,2.21,6.77
200203,4.24,4.14,1.08,-1.67
200204,-5.2,5.84,3.96,7.95
200205,-1.38,-3.26,1.57,2.97
200206,-7.21,4.2,0.04,6.15
200207,-8.18,-5.22,-3.71,3.34
200208,0.5,-2.94,3.23,1.76
200209,-10.35,2.39,1.49,9.09
200210,7.84,-3.44,-4.07,-5.31
200211,5.96,3.23,-1.51,-16.19
200212,-5.76,-0.01,2.28,9.64
200301,-2.57,1.28,-0.86,1.6
200302,-1.88,-0.46,-1.33,1.25
200303,1.09,0.93,-2.15,1.6
200304,8.22,0.64,0.89,-9.49
200305,6.05,4.49,0.11,-10.85
200306,1.42,1.75,0.39,-1.09
200307,2.35,5.23,-1.08,-0.31
200308,2.34,2.7,1.61,-0.55
200309,-1.24,0.71,0.05,-0.19
200310,6.08,2.64,1.92,3.73
200311,1.35,1.99,1.8,1.63
200312,4.29,-2.76,1.58,-5.69
200401,2.15,2.53,2.45,2.59
200402,1.4,-1.56,0.86,-1.07
200403,-1.32,1.75,0.24,0.22
200404,-1.83,-1.73,-3.07,-5.37
200405,1.17,-0.24,-0.29,1.59
200406,1.86,2.28,1.23,2.09
200407,-4.06,-3.85,3.28,-2.28
200408,0.08,-1.56,0.96,-1.58
200409,1.6,3.01,-0.07,5.25
200410,1.43,0.13,-0.29,-1.52
200411,4.54,3.72,1.43,3.23
200412,3.43,-0.07,-0.18,-2.83
200501,-2.76,-1.72,2.01,3.19
200502,1.89,-0.55,1.63,3.18
200503,-1.97,-1.35,2.14,0.55
200504,-2.61,-3.97,0.05,-0.85
200505,3.65,2.8,-0.66,0.43
200506,0.57,2.55,2.82,2.06
200507,3.92,2.87,-0.83,-0.03
200508,-1.22,-0.98,1.38,2.27
200509,0.49,-0.66,0.74,3.45
200510,-2.02,-1.19,0.45,-1.3
200511,3.61,0.97,-1.16,0.27
200512,-0.25,-0.46,0.24,0.76
200601,3.04,5.4,0.99,2.68
200602,-0.3,-0.37,-0.26,-1.84
200603,1.46,3.49,0.68,1.26
200604,0.73,-1.41,2.37,0.61
200605,-3.57,-3.09,2.45,-3.65
200606,-0.35,-0.36,0.92,1.47
200607,-0.78,-3.99,2.67,-2.22
200608,2.03,1.02,-1.98,-3.46
200609,1.84,-1.29,-0.04,-0.95
200610,3.23,1.72,-0.3,-0.24
200611,1.71,0.78,0.07,-1.01
200612,0.87,-1.14,2.72,0.84
200701,1.4,0.16,-0.69,0.18
200702,-1.96,1.29,-0.17,-1.36
200703,0.68,0.08,-0.83,2.5
200704,3.49,-2.18,-1.38,-0.15
200705,3.24,0.27,-0.63,-0.27
200706,-1.96,0.78,-1.1,0.39
200707,-3.73,-2.45,-3.55,2.81
200708,0.92,-0.17,-1.91,0.1
200709,3.22,-2.22,-2.21,4.57
200710,1.8,0.25,-2.91,4.88
200711,-4.83,-2.8,-1,0.9
200712,-0.87,0.14,-0.59,6.54
200801,-6.36,-0.89,3.67,-7.88
200802,-3.09,-0.27,-0.88,6.11
200803,-0.93,0.79,0.14,4.1
200804,4.6,-1.59,-0.96,-0.33
200805,1.86,3.05,-1.45,3.21
200806,-8.44,1.22,-2.77,12.54
200807,-0.77,2.47,5.27,-5.13
200808,1.53,3.54,1.45,-4.03
200809,-9.24,-1.18,6.07,0.36
200810,-17.23,-2.52,-2.37,7.79
200811,-7.86,-2.82,-6.31,7.17
200812,1.74,3.51,0.14,-5.07
200901,-8.12,0.33,-11.12,-1.82
200902,-10.1,0.23,-7.03,4.03
200903,8.95,0,3.4,-11.61
200904,10.18,5.14,5.21,-34.39
200905,5.21,-2.63,0.49,-12.47
200906,0.43,2.63,-2.62,5.3
200907,7.72,1.9,4.87,-5.37
200908,3.33,-1.1,7.5,-8.82
200909,4.08,2.41,0.89,-4.95
200910,-2.59,-4.18,-4.03,2.66
200911,5.56,-2.48,-0.25,0.33
200912,2.75,6.13,-0.11,2.91
201001,-3.36,0.37,0.33,-5.36
201002,3.4,1.19,3.19,3.63
201003,6.31,1.44,2.11,3.71
201004,2,4.86,2.91,3.21
201005,-7.89,0.14,-2.39,-0.17
201006,-5.57,-1.84,-4.52,-2.99
201007,6.93,0.18,-0.36,1.9
201008,-4.77,-3.02,-1.9,-0.18
201009,9.54,3.93,-3.23,1.35
201010,3.88,1.07,-2.46,1.66
201011,0.6,3.78,-0.95,2.54
201012,6.82,0.68,3.64,-3.18
201101,1.99,-2.52,0.82,-0.29
201102,3.49,1.53,1.29,2.08
201103,0.46,2.58,-1.76,3.52
201104,2.9,-0.37,-2.43,0.06
201105,-1.27,-0.58,-2.05,-0.57
201106,-1.75,-0.11,-0.42,1.77
201107,-2.35,-1.37,-0.88,-0.01
201108,-5.99,-3.03,-2.56,-0.34
201109,-7.59,-3.35,-1.71,-2.52
201110,11.35,3.32,0.13,-1.44
201111,-0.28,-0.14,-0.48,4.01
201112,0.74,-0.66,1.68,1.98
201201,5.05,2.1,-0.9,-7.94
201202,4.42,-1.84,0.46,-0.28
201203,3.11,-0.68,1.21,1.51
201204,-0.85,-0.39,-0.77,3.83
201205,-6.19,0.16,-1.04,6.63
201206,3.89,0.78,0.58,-0.76
201207,0.79,-2.62,-0.05,3.1
201208,2.55,0.47,1.12,-2.47
201209,2.73,0.49,1.56,-1.06
201210,-1.76,-1.09,3.61,0.08
201211,0.78,0.53,-0.83,0.4
201212,1.18,1.45,3.53,-2.95
201301,5.57,0.36,0.98,-1.9
201302,1.29,-0.42,0.13,1.31
201303,4.03,0.75,-0.23,1.96
201304,1.55,-2.4,0.53,0.27
201305,2.8,1.66,2.61,-1.74
201306,-1.2,1.16,-0.09,0.58
201307,5.65,1.86,0.56,1.78
201308,-2.71,0.29,-2.66,0.02
201309,3.77,2.89,-1.15,2.96
201310,4.18,-1.53,1.21,0.17
201311,3.13,1.19,0.29,0.44
201312,2.81,-0.59,-0.05,0.07
201401,-3.32,0.87,-2.02,1.74
201402,4.65,0.31,-0.36,2.05
201403,0.43,-1.85,4.9,-3.38
201404,-0.19,-4.21,1.12,-3.77
201405,2.06,-1.9,-0.12,1.21
201406,2.61,3.08,-0.67,0.74
201407,-2.04,-4.27,0.02,-0.24
201408,4.24,0.36,-0.42,0.79
201409,-1.97,-3.73,-1.38,0.44
201410,2.52,4.28,-1.8,-0.04
201411,2.55,-2.04,-3.07,1.06
201412,-0.06,2.48,2.23,1.09
201501,-3.11,-0.51,-3.56,3.81
201502,6.14,0.52,-1.81,-2.83
201503,-1.12,3.02,-0.41,3
201504,0.59,-3.04,1.88,-7.32
201505,1.36,0.89,-1.1,6.03
201506,-1.53,2.85,-0.74,3.07
201507,1.54,-4.09,-4.21,10.29
201508,-6.04,0.44,2.73,-2.09
201509,-3.07,-2.61,0.39,5.35
201510,7.75,-1.98,-0.25,-4.03
201511,0.56,3.68,-0.49,2.21
201512,-2.17,-2.86,-2.45,3.41
201601,-5.77,-3.36,2.01,1.34
201602,-0.08,0.83,-0.6,-4.06
201603,6.96,0.82,1.11,-5.13
201604,0.92,0.69,3.28,-6.26
201605,1.78,-0.27,-1.6,2.14
201606,-0.05,0.64,-1.4,4.11
201607,3.95,2.6,-1.23,-3.08
201608,0.5,1.13,3.31,-3.17
201609,0.25,2.04,-1.21,-0.53
201610,-2.02,-4.43,4.07,0.69
201611,4.86,5.47,8.22,-4.07
201612,1.81,0.11,3.51,-0.38
201701,1.94,-1.06,-2.81,-0.98
201702,3.57,-2.01,-1.79,-1.63
201703,0.17,1.17,-3.33,-0.92
201704,1.09,0.72,-2.11,0.44
201705,1.06,-2.61,-3.67,1.46
201706,0.78,2.15,1.45,-0.32
201707,1.87,-1.47,-0.36,1.66
201708,0.16,-1.62,-2.19,3.55
201709,2.51,4.47,3.14,-1.18
201710,2.25,-1.95,0.12,4.3
201711,3.12,-0.58,-0.09,-0.71
201712,1.06,-1.29,0.17,-1.63
201801,5.58,-3.09,-1.32,3.94
201802,-3.65,0.3,-1.01,3.97
201803,-2.35,4.05,-0.12,-1.28
201804,0.29,1.13,0.5,0.27
201805,2.65,5.28,-3.15,3.8
201806,0.48,1.19,-2.31,-2.38
201807,3.19,-2.21,0.57,-1.67
201808,3.44,1.15,-3.92,5.22
201809,0.06,-2.28,-1.63,-0.06
201810,-7.68,-4.78,3.46,-1.84
201811,1.69,-0.71,0.34,-1.33
201812,-9.55,-2.48,-1.89,1.85
201901,8.41,2.89,-0.46,-8.65
201902,3.4,2.12,-2.71,0.86
201903,1.1,-3.05,-4.19,2.14
201904,3.96,-1.75,2.02,-2.55
201905,-6.94,-1.18,-2.28,7.6
201906,6.93,0.22,-0.79,-2.14
201907,1.19,-2.08,0.34,2.72
201908,-2.58,-2.4,-4.85,7.64
201909,1.43,-1.05,6.77,-6.85
201910,2.06,0.24,-1.88,0.29
201911,3.87,0.91,-2.05,-2.6
201912,2.77,0.67,1.91,-2.27
202001,-0.11,-3.08,-6.27,5.43
202002,-8.13,1.02,-3.92,-0.23
202003,-13.38,-5.03,-13.96,8.55
202004,13.65,2.75,-1.39,-5.49
202005,5.58,2.49,-5.05,0.67
202006,2.46,2.71,-2.35,-0.75
202007,5.77,-2.18,-1.39,7.61
202008,7.63,-0.25,-2.94,0.51
202009,-3.63,0.06,-2.51,3.05
202010,-2.1,4.44,4.03,-3.03
202011,12.47,5.48,2.11,-12.25
